camp_airport_dist_km,AirportID,Name,City,Country,IATA,ICAO,Latitude,Longitude,Altitude,Timezone,DST,TzDatabaseTimezone,Type,team,city_camp,country_camp,camp_name,camp_lat,camp_long
49.69504443110012,33,Nanaimo Airport,Nanaimo,Canada,YCD,CYCD,49.0549702249,-123.869862556,92,-8,A,America/Vancouver,airport,Canada,Vancouver,CAN,National Soccer Development Centre,49.2444,-123.251
50.48478497049065,82,Buttonville Municipal Airport,Toronto,Canada,YKZ,CYKZ,43.86220169067383,-79.37000274658203,650,-5,A,America/Toronto,airport,Panama,New Tecumseth,CAN,Nottawasaga Training Site,44.143,-79.866
39.40924861318351,104,Pitt Meadows Airport,Pitt Meadows,Canada,\N,CYPK,49.21609878540039,-122.70999908447266,11,-8,A,America/Vancouver,airport,Canada,Vancouver,CAN,National Soccer Development Centre,49.2444,-123.251
68.57997928470486,144,Billy Bishop Toronto City Centre Airport,Toronto,Canada,YTZ,CYTZ,43.627499,-79.396202,252,-5,A,America/Toronto,airport,Panama,New Tecumseth,CAN,Nottawasaga Training Site,44.143,-79.866
7.4304361862054025,156,Vancouver International Airport,Vancouver,Canada,YVR,CYVR,49.193901062,-123.183998108,14,-8,A,America/Vancouver,airport,Canada,Vancouver,CAN,National Soccer Development Centre,49.2444,-123.251
69.18113634862566,175,Abbotsford Airport,Abbotsford,Canada,YXX,CYXX,49.025299072265625,-122.36100006103516,195,-8,A,America/Vancouver,airport,Canada,Vancouver,CAN,National Soccer Development Centre,49.2444,-123.251
67.65697326805393,184,Victoria International Airport,Victoria,Canada,YYJ,CYYJ,48.646900177,-123.426002502,63,-8,A,America/Vancouver,airport,Canada,Vancouver,CAN,National Soccer Development Centre,49.2444,-123.251
55.1205202703874,193,Lester B. Pearson International Airport,Toronto,Canada,YYZ,CYYZ,43.6772003174,-79.63059997559999,569,-5,A,America/Toronto,airport,Panama,New Tecumseth,CAN,Nottawasaga Training Site,44.143,-79.866
54.87181396814839,194,Downsview Airport,Toronto,Canada,YZD,CYZD,43.74250030517578,-79.4655990600586,652,-5,A,America/Toronto,airport,Panama,New Tecumseth,CAN,Nottawasaga Training Site,44.143,-79.866
15.99905781728781,1784,Del Norte International Airport,Monterrey,Mexico,NTR,MMAN,25.865601,-100.237,1476,-6,S,America/Mexico_City,airport,Tunisia,Monterrey,MEX,Rayados Training Centre,25.722,-100.247
65.89808558367324,1787,General Mariano Matamoros Airport,Cuernavaca,Mexico,CVJ,MMCB,18.834800720214844,-99.26129913330078,4277,-6,S,America/Mexico_City,airport,Mexico,Mexico City,MEX,Centro de Alto Rendimiento (CAR),19.407,-99.098
22.344629038969757,1800,Cozumel International Airport,Cozumel,Mexico,CZM,MMCZ,20.52239990234375,-86.92559814453125,15,-5,S,America/Cancun,airport,Uruguay,Cancun,MEX,Mayakoba Training Centre Cancun,20.701,-87.024
12.09400694150326,1804,Don Miguel Hidalgo Y Costilla International Airport,Guadalajara,Mexico,GDL,MMGL,20.521799087524418,-103.31099700927734,5016,-6,S,America/Mexico_City,airport,Colombia,Guadalajara,MEX,Academia Atlas FC,20.6258,-103.345
21.78794397798343,1804,Don Miguel Hidalgo Y Costilla International Airport,Guadalajara,Mexico,GDL,MMGL,20.521799087524418,-103.31099700927734,5016,-6,S,America/Mexico_City,airport,Korea Republic,Guadalajara,MEX,Chivas Verde Valle,20.683,-103.43
67.29453707469565,1809,Isla Mujeres Airport,Isla Mujeres,Mexico,ISJ,MMIM,21.2450008392334,-86.73999786376953,7,-5,S,America/Cancun,airport,Uruguay,Cancun,MEX,Mayakoba Training Centre Cancun,20.701,-87.024
4.241794357232237,1824,Licenciado Benito Juarez International Airport,Mexico City,Mexico,MEX,MMMX,19.4363,-99.072098,7316,-6,S,America/Mexico_City,airport,Mexico,Mexico City,MEX,Centro de Alto Rendimiento (CAR),19.407,-99.098
15.364332644545676,1825,General Mariano Escobedo International Airport,Monterrey,Mexico,MTY,MMMY,25.7784996033,-100.107002258,1278,-6,S,America/Mexico_City,airport,Tunisia,Monterrey,MEX,Rayados Training Centre,25.722,-100.247
3.332257725144399,1832,Ingeniero Juan Guillermo Villasana Airport,Pachuca,Mexico,\N,MMPC,20.0774,-98.782501,7600,-6,S,America/Mexico_City,airport,South Africa,Pachuca,MEX,CF Pachuca - Universidad Del Futbol,20.0901,-98.7536
10.963450684441453,1847,General Abelardo L. Rodríguez International Airport,Tijuana,Mexico,TIJ,MMTJ,32.541099548339844,-116.97000122070312,489,-8,S,America/Tijuana,airport,Iran,Tijuana,MEX,Centro Xoloitzcuintle,32.4793,-116.8789
32.59505367276237,1847,General Abelardo L. Rodríguez International Airport,Tijuana,Mexico,TIJ,MMTJ,32.541099548339844,-116.97000122070312,489,-8,S,America/Tijuana,airport,New Zealand,San Diego,USA,University of San Diego - Torero Stadium,32.77,-117.1875
51.55340602045713,1847,General Abelardo L. Rodríguez International Airport,Tijuana,Mexico,TIJ,MMTJ,32.541099548339844,-116.97000122070312,489,-8,S,America/Tijuana,airport,Switzerland,San Diego,USA,SDJA,32.9481,-117.234
49.704670980486256,1850,Licenciado Adolfo Lopez Mateos International Airport,Toluca,Mexico,TLC,MMTO,19.3370990753,-99.56600189210002,8466,-6,S,America/Mexico_City,airport,Mexico,Mexico City,MEX,Centro de Alto Rendimiento (CAR),19.407,-99.098
40.30758166601842,1852,Cancún International Airport,Cancun,Mexico,CUN,MMUN,21.036500930800003,-86.8770980835,22,-5,S,America/Cancun,airport,Uruguay,Cancun,MEX,Mayakoba Training Centre Cancun,20.701,-87.024
18.215264575169186,1859,Zapopan Airport,Zapopan,Mexico,\N,MMZP,20.747922,-103.461709,5333,-6,S,America/Mexico_City,airport,Colombia,Guadalajara,MEX,Academia Atlas FC,20.6258,-103.345
7.936638976153554,1859,Zapopan Airport,Zapopan,Mexico,\N,MMZP,20.747922,-103.461709,5333,-6,S,America/Mexico_City,airport,Korea Republic,Guadalajara,MEX,Chivas Verde Valle,20.683,-103.43
10.454488646868956,3425,Laurence G Hanscom Field,Bedford,USA,BED,KBED,42.47000122,-71.28900146,133,-5,A,America/New_York,airport,France,Boston,USA,Bentley University,42.3905,-71.221
64.71264503812425,3425,Laurence G Hanscom Field,Bedford,USA,BED,KBED,42.47000122,-71.28900146,133,-5,A,America/New_York,airport,Ghana,Boston,USA,Bryant University,41.9173,-71.535
68.95342040007071,3447,Trenton Mercer Airport,Trenton,USA,TTN,KTTN,40.27669906616211,-74.8134994506836,213,-5,A,America/New_York,airport,Ivory Coast,Philadelphie,USA,Philadelphia Union,39.8322,-75.3784
47.74885290552437,3447,Trenton Mercer Airport,Trenton,USA,TTN,KTTN,40.27669906616211,-74.8134994506836,213,-5,A,America/New_York,airport,Morocco,New York New Jersey,USA,The Pingry School,40.668,-74.581
42.23061316120769,3447,Trenton Mercer Airport,Trenton,USA,TTN,KTTN,40.27669906616211,-74.8134994506836,213,-5,A,America/New_York,airport,Senegal,New York New Jersey,USA,Rutgers University,40.524,-74.435
17.963796851529413,3448,General Edward Lawrence Logan International Airport,Boston,USA,BOS,KBOS,42.36429977,-71.00520325,20,-5,A,America/New_York,airport,France,Boston,USA,Bentley University,42.3905,-71.221
66.17093213774052,3448,General Edward Lawrence Logan International Airport,Boston,USA,BOS,KBOS,42.36429977,-71.00520325,20,-5,A,America/New_York,airport,Ghana,Boston,USA,Bryant University,41.9173,-71.535
61.65443755366855,3449,Travis Air Force Base,Fairfield,USA,SUU,KSUU,38.262699127197,-121.92700195312,62,-8,A,America/Los_Angeles,airport,Australia,San Francisco Bay Area,USA,Oakland Roots/Soul Training Facility,37.7505,-122.1965
3.89690348269755,3453,Metropolitan Oakland International Airport,Oakland,USA,OAK,KOAK,37.721298,-122.221001,9,-8,A,America/Los_Angeles,airport,Australia,San Francisco Bay Area,USA,Oakland Roots/Soul Training Facility,37.7505,-122.1965
49.058233494740946,3453,Metropolitan Oakland International Airport,Oakland,USA,OAK,KOAK,37.721298,-122.221001,9,-8,A,America/Los_Angeles,airport,Paraguay,San Francisco Bay Area,USA,Spartan Soccer Complex,37.346,-121.9285
60.35102989591074,3458,Kansas City International Airport,Kansas City,USA,MCI,KMCI,39.2976,-94.713898,1026,-6,A,America/Chicago,airport,Algeria,Kansas City,USA,University of Kansas,38.9543,-95.2558
37.23194342445022,3458,Kansas City International Airport,Kansas City,USA,MCI,KMCI,39.2976,-94.713898,1026,-6,A,America/Chicago,airport,Argentina,Kansas City,USA,Sporting KC Training Centre,38.9714,-94.8113
33.869884360187115,3458,Kansas City International Airport,Kansas City,USA,MCI,KMCI,39.2976,-94.713898,1026,-6,A,America/Chicago,airport,England,Kansas City,USA,Swope Soccer Village,39.0247,-94.5394
18.832904935587642,3458,Kansas City International Airport,Kansas City,USA,MCI,KMCI,39.2976,-94.713898,1026,-6,A,America/Chicago,airport,Netherlands,Kansas City,USA,KC Current Training Facility,39.149,-94.609
31.7906497640273,3462,Phoenix Sky Harbor International Airport,Phoenix,USA,PHX,KPHX,33.43429946899414,-112.01200103759766,1135,-7,N,America/Phoenix,airport,Türkiye,Mesa,USA,Arizona Athletic Grounds,33.355,-111.683
20.4406609441132,3464,Fort Lauderdale Executive Airport,Fort Lauderdale,USA,FXE,KFXE,26.1972999573,-80.1707000732,13,-5,A,America/New_York,airport,Curaçao,Boca Raton,USA,Florida Atlantic University,26.3705,-80.102
11.473727689207106,3467,Spokane International Airport,Spokane,USA,GEG,KGEG,47.61989974975586,-117.53399658203124,2376,-8,A,America/Los_Angeles,airport,Egypt,Spokane,USA,Gonzaga University,47.668,-117.3985
43.33377659057806,3468,North Perry Airport,Hollywood,USA,HWO,KHWO,26.0012,-80.2407,8,-5,A,America/New_York,airport,Curaçao,Boca Raton,USA,Florida Atlantic University,26.3705,-80.102
21.46017020923641,3469,San Francisco International Airport,San Francisco,USA,SFO,KSFO,37.61899948120117,-122.375,13,-8,A,America/Los_Angeles,airport,Australia,San Francisco Bay Area,USA,Oakland Roots/Soul Training Facility,37.7505,-122.1965
49.7362286374476,3469,San Francisco International Airport,San Francisco,USA,SFO,KSFO,37.61899948120117,-122.375,13,-8,A,America/Los_Angeles,airport,Paraguay,San Francisco Bay Area,USA,Spartan Soccer Complex,37.346,-121.9285
68.60888261225548,3484,Los Angeles International Airport,Los Angeles,USA,LAX,KLAX,33.94250107,-118.4079971,125,-8,A,America/Los_Angeles,airport,USA,Irvine,USA,Great Park Sports Complex,33.6713,-117.741
42.82972705541749,3489,Tipton Airport,Fort Meade,USA,FME,KFME,39.08539962769999,-76.7593994141,150,-5,A,America/New_York,airport,Croatia,Alexandria,USA,Episcopal High School,38.808,-77.103
14.695182875624004,3494,Newark Liberty International Airport,Newark,USA,EWR,KEWR,40.692501068115234,-74.168701171875,18,-5,A,America/New_York,airport,Brazil,New York New Jersey,USA,Columbia Park Training Facility,40.792,-74.0539
34.87392597352535,3494,Newark Liberty International Airport,Newark,USA,EWR,KEWR,40.692501068115234,-74.168701171875,18,-5,A,America/New_York,airport,Morocco,New York New Jersey,USA,The Pingry School,40.668,-74.581
29.264431525135315,3494,Newark Liberty International Airport,Newark,USA,EWR,KEWR,40.692501068115234,-74.168701171875,18,-5,A,America/New_York,airport,Senegal,New York New Jersey,USA,Rutgers University,40.524,-74.435
42.45580560689035,3502,Dallas Love Field,Dallas,USA,DAL,KDAL,32.847099,-96.851799,487,-6,A,America/Chicago,airport,Czechia,Dallas,USA,Mansfield Multipurpose Stadium,32.555,-97.144
34.228420169530764,3502,Dallas Love Field,Dallas,USA,DAL,KDAL,32.847099,-96.851799,487,-6,A,America/Chicago,airport,Sweden,Dallas,USA,FC Dallas Stadium,33.1546,-96.835
49.82957577347968,3505,Miramar Marine Corps Air Station - Mitscher Field,Miramar,USA,NKX,KNKX,32.86840057,-117.1429977,477,-8,A,America/Los_Angeles,airport,Iran,Tijuana,MEX,Centro Xoloitzcuintle,32.4793,-116.8789
11.705272679735165,3505,Miramar Marine Corps Air Station - Mitscher Field,Miramar,USA,NKX,KNKX,32.86840057,-117.1429977,477,-8,A,America/Los_Angeles,airport,New Zealand,San Diego,USA,University of San Diego - Torero Stadium,32.77,-117.1875
12.276338045525481,3505,Miramar Marine Corps Air Station - Mitscher Field,Miramar,USA,NKX,KNKX,32.86840057,-117.1429977,477,-8,A,America/Los_Angeles,airport,Switzerland,San Diego,USA,SDJA,32.9481,-117.234
67.96212506268222,3506,Luke Air Force Base,Phoenix,USA,LUF,KLUF,33.534999847399995,-112.383003235,1085,-7,A,America/Phoenix,airport,Türkiye,Mesa,USA,Arizona Athletic Grounds,33.355,-111.683
61.6015182876198,3508,Jack Northrop Field Hawthorne Municipal Airport,Hawthorne,USA,HHR,KHHR,33.922798,-118.334999,66,-8,A,America/Los_Angeles,airport,USA,Irvine,USA,Great Park Sports Complex,33.6713,-117.741
61.21024801897299,3511,Point Mugu Naval Air Station (Naval Base Ventura Co),Point Mugu,USA,NTD,KNTD,34.120300293,-119.121002197,13,-8,A,America/Los_Angeles,airport,Qatar,Santa Barbara,USA,Westmont College,34.4427,-119.661
7.486262490514942,3520,Ronald Reagan Washington National Airport,Washington,USA,DCA,KDCA,38.8521,-77.037697,15,-5,A,America/New_York,airport,Croatia,Alexandria,USA,Episcopal High School,38.808,-77.103
6.033936566432639,3524,Atlantic City International Airport,Atlantic City,USA,ACY,KACY,39.45759963989258,-74.57720184326172,75,-5,A,America/New_York,airport,Haiti,New York New Jersey,USA,Stockton University,39.501,-74.535
53.82417242151458,3530,Gray Army Air Field,Fort Lewis,USA,GRF,KGRF,47.07920074,-122.5810013,300,-8,A,America/Los_Angeles,airport,Belgium,Renton,USA,Seattle Sounders FC Performance Centre and Clubhouse,47.4995,-122.227
33.50896073275792,3533,Fort Lauderdale Hollywood International Airport,Fort Lauderdale,USA,FLL,KFLL,26.072599,-80.152702,9,-5,A,America/New_York,airport,Curaçao,Boca Raton,USA,Florida Atlantic University,26.3705,-80.102
23.942921481054235,3536,Salt Lake City International Airport,Salt Lake City,USA,SLC,KSLC,40.78839874267578,-111.97799682617188,4227,-7,A,America/Denver,airport,Bosnia and Herzegovina,Sandy,USA,RSL Stadium,40.5829,-111.8932
32.22021817472069,3548,Albert Whitted Airport,St. Petersburg,USA,SPG,KSPG,27.7651,-82.626999,7,-5,A,America/New_York,airport,Cape Verde,Tampa,USA,Waters Sportsplex,28.039,-82.52
39.82298261243399,3550,George Bush Intercontinental Houston Airport,Houston,USA,IAH,KIAH,29.984399795532227,-95.34140014648438,97,-6,A,America/Chicago,airport,DR Congo,Houston,USA,Houston Training Centre,29.628,-95.382
20.45131375667962,3552,Joint Base Andrews,Camp Springs,USA,ADW,KADW,38.810799,-76.866997,280,-5,A,America/New_York,airport,Croatia,Alexandria,USA,Episcopal High School,38.808,-77.103
5.112608175556977,3553,Smith Reynolds Airport,Winston-salem,USA,INT,KINT,36.13370132446289,-80.22200012207031,969,-5,A,America/New_York,airport,Germany,Winston-Salem,USA,Wake Forest University,36.1352,-80.2789
37.88859426999087,3553,Smith Reynolds Airport,Winston-salem,USA,INT,KINT,36.13370132446289,-80.22200012207031,969,-5,A,America/New_York,airport,Norway,Greensboro,USA,UNC Greensboro,36.0688,-79.808
10.150499257790841,3566,William P Hobby Airport,Houston,USA,HOU,KHOU,29.64539909,-95.27890015,46,-6,A,America/Chicago,airport,DR Congo,Houston,USA,Houston Training Centre,29.628,-95.382
21.698560910568084,3572,Ellington Airport,Houston,USA,EFD,KEFD,29.6072998047,-95.1587982178,32,-6,A,America/Chicago,airport,DR Congo,Houston,USA,Houston Training Centre,29.628,-95.382
66.89933765784488,3576,Miami International Airport,Miami,USA,MIA,KMIA,25.79319953918457,-80.29060363769531,8,-5,A,America/New_York,airport,Curaçao,Boca Raton,USA,Florida Atlantic University,26.3705,-80.102
8.337388500123017,3577,Seattle Tacoma International Airport,Seattle,USA,SEA,KSEA,47.449001,-122.308998,433,-8,A,America/Los_Angeles,airport,Belgium,Renton,USA,Seattle Sounders FC Performance Centre and Clubhouse,47.4995,-122.227
10.035734799657178,3578,Lovell Field,Chattanooga,USA,CHA,KCHA,35.035301208496094,-85.20379638671875,683,-5,A,America/New_York,airport,Spain,Chattanooga,USA,Baylor School,35.0822,-85.298
64.63321975985689,3581,Scholes International At Galveston Airport,Galveston,USA,GLS,KGLS,29.265300750732425,-94.8603973388672,6,-6,A,America/Chicago,airport,DR Congo,Houston,USA,Houston Training Centre,29.628,-95.382
41.34146509422376,3582,Long Beach /Daugherty Field/ Airport,Long Beach,USA,LGB,KLGB,33.81769943,-118.1520004,60,-8,A,America/Los_Angeles,airport,USA,Irvine,USA,Great Park Sports Complex,33.6713,-117.741
42.20676944688078,3589,Westchester County Airport,White Plains,USA,HPN,KHPN,41.06700134277344,-73.70760345458984,439,-5,A,America/New_York,airport,Brazil,New York New Jersey,USA,Columbia Park Training Facility,40.792,-74.0539
24.79803894066644,3593,Palm Beach County Park Airport,West Palm Beach,USA,LNA,KLNA,26.59300041,-80.08509827,14,-5,A,America/New_York,airport,Curaçao,Boca Raton,USA,Florida Atlantic University,26.3705,-80.102
33.559499847894685,3593,Palm Beach County Park Airport,West Palm Beach,USA,LNA,KLNA,26.59300041,-80.08509827,14,-5,A,America/New_York,airport,Portugal,Palm Beach Gardens,USA,Gardens North County District Park,26.8915,-80.135
39.867062433047295,3594,North Island Naval Air Station-Halsey Field,San Diego,USA,NZY,KNZY,32.69919968,-117.2149963,26,-8,A,America/Los_Angeles,airport,Iran,Tijuana,MEX,Centro Xoloitzcuintle,32.4793,-116.8789
8.282086716334675,3594,North Island Naval Air Station-Halsey Field,San Diego,USA,NZY,KNZY,32.69919968,-117.2149963,26,-8,A,America/Los_Angeles,airport,New Zealand,San Diego,USA,University of San Diego - Torero Stadium,32.77,-117.1875
27.733360540358603,3594,North Island Naval Air Station-Halsey Field,San Diego,USA,NZY,KNZY,32.69919968,-117.2149963,26,-8,A,America/Los_Angeles,airport,Switzerland,San Diego,USA,SDJA,32.9481,-117.234
60.5448684254491,3614,Hill Air Force Base,Ogden,USA,HIF,KHIF,41.12403,-111.973086,4789,-7,A,America/Denver,airport,Bosnia and Herzegovina,Sandy,USA,RSL Stadium,40.5829,-111.8932
24.504754402082565,3616,Scappoose Industrial Airpark,San Luis,USA,\N,KSPB,45.770999908447266,-122.86199951171876,58,-8,A,America/Los_Angeles,airport,Jordan,Portland,USA,University of Portland,45.572,-122.7265
21.802811031099417,3617,St Petersburg Clearwater International Airport,St. Petersburg,USA,PIE,KPIE,27.91020012,-82.68740082,11,-5,A,America/New_York,airport,Cape Verde,Tampa,USA,Waters Sportsplex,28.039,-82.52
6.486616262327503,3624,Teterboro Airport,Teterboro,USA,TEB,KTEB,40.85010147089999,-74.060798645,9,-5,A,America/New_York,airport,Brazil,New York New Jersey,USA,Columbia Park Training Facility,40.792,-74.0539
48.26703022409664,3624,Teterboro Airport,Teterboro,USA,TEB,KTEB,40.85010147089999,-74.060798645,9,-5,A,America/New_York,airport,Morocco,New York New Jersey,USA,The Pingry School,40.668,-74.581
48.065983940432474,3624,Teterboro Airport,Teterboro,USA,TEB,KTEB,40.85010147089999,-74.060798645,9,-5,A,America/New_York,airport,Senegal,New York New Jersey,USA,Rutgers University,40.524,-74.435
22.626509740559197,3641,Theodore Francis Green State Airport,Providence,USA,PVD,KPVD,41.732601,-71.420403,55,-5,A,America/New_York,airport,Ghana,Boston,USA,Bryant University,41.9173,-71.535
7.178852739290139,3646,Tampa International Airport,Tampa,USA,TPA,KTPA,27.975500106811523,-82.533203125,26,-5,A,America/New_York,airport,Cape Verde,Tampa,USA,Waters Sportsplex,28.039,-82.52
57.425600855877406,3655,Mc Guire Air Force Base,Wrightstown,USA,WRI,KWRI,40.0155983,-74.59169769,131,-5,A,America/New_York,airport,Haiti,New York New Jersey,USA,Stockton University,39.501,-74.535
58.07388646905232,3655,Mc Guire Air Force Base,Wrightstown,USA,WRI,KWRI,40.0155983,-74.59169769,131,-5,A,America/New_York,airport,Senegal,New York New Jersey,USA,Rutgers University,40.524,-74.435
7.86921722034473,3666,Dobbins Air Reserve Base,Marietta,USA,MGE,KMGE,33.91540146,-84.51629639,1068,-5,A,America/New_York,airport,Uzbekistan,Atlanta,USA,Atlanta United Training Centre,33.969,-84.572
20.168428906030286,3667,Fairchild Air Force Base,Spokane,USA,SKA,KSKA,47.6151008606,-117.65599823,2461,-8,A,America/Los_Angeles,airport,Egypt,Spokane,USA,Gonzaga University,47.668,-117.3985
39.27867197689931,3670,Dallas Fort Worth International Airport,Dallas-Fort Worth,USA,DFW,KDFW,32.896801,-97.038002,607,-6,A,America/Chicago,airport,Czechia,Dallas,USA,Mansfield Multipurpose Stadium,32.555,-97.144
34.34987316141545,3670,Dallas Fort Worth International Airport,Dallas-Fort Worth,USA,DFW,KDFW,32.896801,-97.038002,607,-6,A,America/Chicago,airport,Sweden,Dallas,USA,FC Dallas Stadium,33.1546,-96.835
44.39354575423879,3672,McChord Air Force Base,Tacoma,USA,TCM,KTCM,47.1376991272,-122.475997925,322,-8,A,America/Los_Angeles,airport,Belgium,Renton,USA,Seattle Sounders FC Performance Centre and Clubhouse,47.4995,-122.227
22.049901606346662,3673,Austin Bergstrom International Airport,Austin,USA,AUS,KAUS,30.194499969482425,-97.6698989868164,542,-6,A,America/Chicago,airport,Saudi Arabia,Austin,USA,Austin FC Stadium,30.3881,-97.7196
5.854491889204036,3674,Rickenbacker International Airport,Columbus,USA,LCK,KLCK,39.813801,-82.927803,744,-5,A,America/New_York,airport,Ecuador,Columbus,USA,Columbus Crew Performance Centre,39.857,-82.967
48.45438309166365,3679,Millville Municipal Airport,Millville,USA,MIV,KMIV,39.367802,-75.072197,85,-5,A,America/New_York,airport,Haiti,New York New Jersey,USA,Stockton University,39.501,-74.535
57.9206161982749,3679,Millville Municipal Airport,Millville,USA,MIV,KMIV,39.367802,-75.072197,85,-5,A,America/New_York,airport,Ivory Coast,Philadelphie,USA,Philadelphia Union,39.8322,-75.3784
39.26946084590534,3682,Hartsfield Jackson Atlanta International Airport,Atlanta,USA,ATL,KATL,33.6367,-84.428101,1026,-5,A,America/New_York,airport,Uzbekistan,Atlanta,USA,Atlanta United Training Centre,33.969,-84.572
7.909297487261045,3690,Nashville International Airport,Nashville,USA,BNA,KBNA,36.1245002746582,-86.6781997680664,599,-6,A,America/Chicago,airport,Japan,Nashville,USA,Nashville SC,36.13,-86.766
15.353029198256069,3697,La Guardia Airport,New York,USA,LGA,KLGA,40.77719879,-73.87259674,21,-5,A,America/New_York,airport,Brazil,New York New Jersey,USA,Columbia Park Training Facility,40.792,-74.0539
60.92076075560761,3697,La Guardia Airport,New York,USA,LGA,KLGA,40.77719879,-73.87259674,21,-5,A,America/New_York,airport,Morocco,New York New Jersey,USA,The Pingry School,40.668,-74.581
55.17052593806708,3697,La Guardia Airport,New York,USA,LGA,KLGA,40.77719879,-73.87259674,21,-5,A,America/New_York,airport,Senegal,New York New Jersey,USA,Rutgers University,40.524,-74.435
52.61254748973932,3702,Hillsboro Municipal Airport,Hillsboro,USA,\N,KINJ,32.08349991,-97.09719849,686,-6,A,America/Chicago,airport,Czechia,Dallas,USA,Mansfield Multipurpose Stadium,32.555,-97.144
34.10426638776271,3714,Washington Dulles International Airport,Washington,USA,IAD,KIAD,38.94449997,-77.45580292,312,-5,A,America/New_York,airport,Croatia,Alexandria,USA,Episcopal High School,38.808,-77.103
5.887583188443699,3716,Felts Field,Spokane,USA,SFF,KSFF,47.682800292969,-117.32299804688,1953,-8,A,America/Los_Angeles,airport,Egypt,Spokane,USA,Gonzaga University,47.668,-117.3985
10.17163150915195,3720,Portland International Airport,Portland,USA,PDX,KPDX,45.58869934,-122.5979996,31,-8,A,America/Los_Angeles,airport,Jordan,Portland,USA,University of Portland,45.572,-122.7265
34.77658269883072,3722,Palm Beach International Airport,West Palm Beach,USA,PBI,KPBI,26.68320083618164,-80.09559631347656,19,-5,A,America/New_York,airport,Curaçao,Boca Raton,USA,Florida Atlantic University,26.3705,-80.102
23.48973452934135,3722,Palm Beach International Airport,West Palm Beach,USA,PBI,KPBI,26.68320083618164,-80.09559631347656,19,-5,A,America/New_York,airport,Portugal,Palm Beach Gardens,USA,Gardens North County District Park,26.8915,-80.135
35.84290438164767,3723,Fort Worth Meacham International Airport,Fort Worth,USA,FTW,KFTW,32.819801,-97.362396,710,-6,A,America/Chicago,airport,Czechia,Dallas,USA,Mansfield Multipurpose Stadium,32.555,-97.144
61.68912986313739,3723,Fort Worth Meacham International Airport,Fort Worth,USA,FTW,KFTW,32.819801,-97.362396,710,-6,A,America/Chicago,airport,Sweden,Dallas,USA,FC Dallas Stadium,33.1546,-96.835
6.574846757667825,3726,Boeing Field King County International Airport,Seattle,USA,BFI,KBFI,47.529998779296875,-122.302001953125,21,-8,A,America/Los_Angeles,airport,Belgium,Renton,USA,Seattle Sounders FC Performance Centre and Clubhouse,47.4995,-122.227
40.60507044246469,3731,San Diego International Airport,San Diego,USA,SAN,KSAN,32.7336006165,-117.190002441,17,-8,A,America/Los_Angeles,airport,Iran,Tijuana,MEX,Centro Xoloitzcuintle,32.4793,-116.8789
4.054186686660222,3731,San Diego International Airport,San Diego,USA,SAN,KSAN,32.7336006165,-117.190002441,17,-8,A,America/Los_Angeles,airport,New Zealand,San Diego,USA,University of San Diego - Torero Stadium,32.77,-117.1875
24.20283648011748,3731,San Diego International Airport,San Diego,USA,SAN,KSAN,32.7336006165,-117.190002441,17,-8,A,America/Los_Angeles,airport,Switzerland,San Diego,USA,SDJA,32.9481,-117.234
44.68715500784746,3734,Ontario International Airport,Ontario,USA,ONT,KONT,34.055999755859375,-117.60099792480467,944,-8,A,America/Los_Angeles,airport,USA,Irvine,USA,Great Park Sports Complex,33.6713,-117.741
63.499297186922064,3740,Cape May County Airport,Wildwood,USA,WWD,KWWD,39.0084991455,-74.9083023071,23,-5,A,America/New_York,airport,Haiti,New York New Jersey,USA,Stockton University,39.501,-74.535
49.157347734280854,3748,Norman Y. Mineta San Jose International Airport,San Jose,USA,SJC,KSJC,37.362598,-121.929001,62,-8,A,America/Los_Angeles,airport,Australia,San Francisco Bay Area,USA,Oakland Roots/Soul Training Facility,37.7505,-122.1965
1.8461445653168507,3748,Norman Y. Mineta San Jose International Airport,San Jose,USA,SJC,KSJC,37.362598,-121.929001,62,-8,A,America/Los_Angeles,airport,Paraguay,San Francisco Bay Area,USA,Spartan Soccer Complex,37.346,-121.9285
41.87717274668138,3750,Northeast Philadelphia Airport,Philadelphia,USA,PNE,KPNE,40.081902,-75.010597,120,-5,A,America/New_York,airport,Ivory Coast,Philadelphie,USA,Philadelphia Union,39.8322,-75.3784
69.27559767181552,3750,Northeast Philadelphia Airport,Philadelphia,USA,PNE,KPNE,40.081902,-75.010597,120,-5,A,America/New_York,airport,Senegal,New York New Jersey,USA,Rutgers University,40.524,-74.435
12.524544674890869,3752,Philadelphia International Airport,Philadelphia,USA,PHL,KPHL,39.87189865112305,-75.24109649658203,36,-5,A,America/New_York,airport,Ivory Coast,Philadelphie,USA,Philadelphia Union,39.8322,-75.3784
16.936007724110866,3759,John Glenn Columbus International Airport,Columbus,USA,CMH,KCMH,39.998001,-82.891899,815,-5,A,America/New_York,airport,Ecuador,Columbus,USA,Columbus Crew Performance Centre,39.857,-82.967
15.254606689009357,3765,Chandler Municipal Airport,Chandler,USA,\N,KCHD,33.2691,-111.810997,1243,-7,A,America/Phoenix,airport,Türkiye,Mesa,USA,Arizona Athletic Grounds,33.355,-111.683
56.78570638473677,3781,North Central State Airport,Smithfield,USA,SFZ,KSFZ,41.9207992554,-71.49140167239999,441,-5,A,America/New_York,airport,France,Boston,USA,Bentley University,42.3905,-71.221
3.6282052543013594,3781,North Central State Airport,Smithfield,USA,SFZ,KSFZ,41.9207992554,-71.49140167239999,441,-5,A,America/New_York,airport,Ghana,Boston,USA,Bryant University,41.9173,-71.535
39.38962131503648,3783,Moffett Federal Airfield,Mountain View,USA,NUQ,KNUQ,37.4161,-122.049004,32,-8,A,America/Los_Angeles,airport,Australia,San Francisco Bay Area,USA,Oakland Roots/Soul Training Facility,37.7505,-122.1965
13.19565683848514,3783,Moffett Federal Airfield,Mountain View,USA,NUQ,KNUQ,37.4161,-122.049004,32,-8,A,America/Los_Angeles,airport,Paraguay,San Francisco Bay Area,USA,Spartan Soccer Complex,37.346,-121.9285
21.093965835266225,3789,Mac Dill Air Force Base,Tampa,USA,MCF,KMCF,27.84930038,-82.52120209,14,-5,A,America/New_York,airport,Cape Verde,Tampa,USA,Waters Sportsplex,28.039,-82.52
54.46382699337453,3791,Opa-locka Executive Airport,Miami,USA,OPF,KOPF,25.907,-80.278397,8,-5,A,America/New_York,airport,Curaçao,Boca Raton,USA,Florida Atlantic University,26.3705,-80.102
28.698291352338092,3797,John F Kennedy International Airport,New York,USA,JFK,KJFK,40.63980103,-73.77890015,13,-5,A,America/New_York,airport,Brazil,New York New Jersey,USA,Columbia Park Training Facility,40.792,-74.0539
67.7367219031471,3797,John F Kennedy International Airport,New York,USA,JFK,KJFK,40.63980103,-73.77890015,13,-5,A,America/New_York,airport,Morocco,New York New Jersey,USA,The Pingry School,40.668,-74.581
56.88400544481198,3797,John F Kennedy International Airport,New York,USA,JFK,KJFK,40.63980103,-73.77890015,13,-5,A,America/New_York,airport,Senegal,New York New Jersey,USA,Rutgers University,40.524,-74.435
41.48956086288122,3799,Riverside Municipal Airport,Riverside,USA,RAL,KRAL,33.95190048,-117.4449997,819,-8,A,America/Los_Angeles,airport,USA,Irvine,USA,Great Park Sports Complex,33.6713,-117.741
54.62647910789923,3800,Sherman Army Air Field,Fort Leavenworth,USA,FLV,KFLV,39.3683013916,-94.9147033691,772,-6,A,America/Chicago,airport,Algeria,Kansas City,USA,University of Kansas,38.9543,-95.2558
45.024645776952205,3800,Sherman Army Air Field,Fort Leavenworth,USA,FLV,KFLV,39.3683013916,-94.9147033691,772,-6,A,America/Chicago,airport,Argentina,Kansas City,USA,Sporting KC Training Centre,38.9714,-94.8113
50.057104167486266,3800,Sherman Army Air Field,Fort Leavenworth,USA,FLV,KFLV,39.3683013916,-94.9147033691,772,-6,A,America/Chicago,airport,England,Kansas City,USA,Swope Soccer Village,39.0247,-94.5394
35.88034916671324,3800,Sherman Army Air Field,Fort Leavenworth,USA,FLV,KFLV,39.3683013916,-94.9147033691,772,-6,A,America/Chicago,airport,Netherlands,Kansas City,USA,KC Current Training Facility,39.149,-94.609
45.3329771891437,3803,Willow Grove Naval Air Station/Joint Reserve Base,Willow Grove,USA,NXX,KNXX,40.19979858,-75.14820099,358,-5,A,America/New_York,airport,Ivory Coast,Philadelphie,USA,Philadelphia Union,39.8322,-75.3784
61.19225489671351,3812,Lakehurst Maxfield Field Airport,Lakehurst,USA,NEL,KNEL,40.03329849,-74.353302,101,-5,A,America/New_York,airport,Haiti,New York New Jersey,USA,Stockton University,39.501,-74.535
55.00190441923252,3812,Lakehurst Maxfield Field Airport,Lakehurst,USA,NEL,KNEL,40.03329849,-74.353302,101,-5,A,America/New_York,airport,Senegal,New York New Jersey,USA,Rutgers University,40.524,-74.435
50.26737436053511,3815,March ARB Airport,Riverside,USA,RIV,KRIV,33.880699,-117.259003,1536,-8,A,America/Los_Angeles,airport,USA,Irvine,USA,Great Park Sports Complex,33.6713,-117.741
45.42088506170533,3822,Snohomish County (Paine Field) Airport,Everett,USA,PAE,KPAE,47.90629959,-122.2819977,606,-8,A,America/Los_Angeles,airport,Belgium,Renton,USA,Seattle Sounders FC Performance Centre and Clubhouse,47.4995,-122.227
1.0551588225263295,3831,Boca Raton Airport,Boca Raton,USA,BCT,KBCT,26.3784999847,-80.1076965332,13,-5,A,America/New_York,airport,Curaçao,Boca Raton,USA,Florida Atlantic University,26.3705,-80.102
57.107517165023715,3831,Boca Raton Airport,Boca Raton,USA,BCT,KBCT,26.3784999847,-80.1076965332,13,-5,A,America/New_York,airport,Portugal,Palm Beach Gardens,USA,Gardens North County District Park,26.8915,-80.135
38.32210966874642,3833,Quantico MCAF /Turner field,Quantico,USA,\N,KNYG,38.50170135,-77.30529785,10,-5,A,America/New_York,airport,Croatia,Alexandria,USA,Episcopal High School,38.808,-77.103
35.26525128902909,3843,Topeka Regional Airport - Forbes Field,Topeka,USA,FOE,KFOE,38.950901031499995,-95.6635971069,1078,-6,A,America/Chicago,airport,Algeria,Kansas City,USA,University of Kansas,38.9543,-95.2558
55.50127435361891,3849,Baltimore/Washington International Thurgood Marshall Airport,Baltimore,USA,BWI,KBWI,39.1754,-76.668297,146,-5,A,America/New_York,airport,Croatia,Alexandria,USA,Episcopal High School,38.808,-77.103
25.914084140255326,3859,New Castle Airport,Wilmington,USA,ILG,KILG,39.67869949,-75.60649872,80,-5,A,America/New_York,airport,Ivory Coast,Philadelphie,USA,Philadelphia Union,39.8322,-75.3784
11.762108372890971,3867,John Wayne Airport-Orange County Airport,Santa Ana,USA,SNA,KSNA,33.67570114,-117.8679962,56,-8,A,America/Los_Angeles,airport,USA,Irvine,USA,Great Park Sports Complex,33.6713,-117.741
8.280590108139045,3876,Charlotte Douglas International Airport,Charlotte,USA,CLT,KCLT,35.2140007019043,-80.94309997558594,748,-5,A,America/New_York,airport,Scotland,Charlotte,USA,Charlotte FC,35.2253,-80.853
52.780008964800885,3883,Mc Minnville Municipal Airport,Mackminnville,USA,\N,KMMV,45.19440079,-123.1360016,163,-8,A,America/Los_Angeles,airport,Jordan,Portland,USA,University of Portland,45.572,-122.7265
1.5733040610096611,3949,Santa Barbara Municipal Airport,Santa Barbara,USA,SBA,KSBA,34.42620087,-119.8399963,13,-8,A,America/Los_Angeles,airport,Austria,Goleta,USA,UC Santa Barbara - Harder Stadium,34.4128,-119.8455
16.51806337366192,3949,Santa Barbara Municipal Airport,Santa Barbara,USA,SBA,KSBA,34.42620087,-119.8399963,13,-8,A,America/Los_Angeles,airport,Qatar,Santa Barbara,USA,Westmont College,34.4427,-119.661
10.781822927812607,3993,Downtown-Manhattan/Wall St Heliport,New York,USA,JRB,KJRB,40.70119858,-74.00900269,7,-5,A,America/New_York,airport,Brazil,New York New Jersey,USA,Columbia Park Training Facility,40.792,-74.0539
48.37189341472136,3993,Downtown-Manhattan/Wall St Heliport,New York,USA,JRB,KJRB,40.70119858,-74.00900269,7,-5,A,America/New_York,airport,Morocco,New York New Jersey,USA,The Pingry School,40.668,-74.581
41.00330605160538,3993,Downtown-Manhattan/Wall St Heliport,New York,USA,JRB,KJRB,40.70119858,-74.00900269,7,-5,A,America/New_York,airport,Senegal,New York New Jersey,USA,Rutgers University,40.524,-74.435
30.964745165893774,4008,Piedmont Triad International Airport,Greensboro,USA,GSO,KGSO,36.097801208496094,-79.93730163574219,925,-5,A,America/New_York,airport,Germany,Winston-Salem,USA,Wake Forest University,36.1352,-80.2789
12.058683596886741,4008,Piedmont Triad International Airport,Greensboro,USA,GSO,KGSO,36.097801208496094,-79.93730163574219,925,-5,A,America/New_York,airport,Norway,Greensboro,USA,UNC Greensboro,36.0688,-79.808
62.78296799859741,4011,Manchester-Boston Regional Airport,Manchester NH,USA,MHT,KMHT,42.932598,-71.435699,266,-5,A,America/New_York,airport,France,Boston,USA,Bentley University,42.3905,-71.221
58.04362549679468,4016,Roanoke–Blacksburg Regional Airport,Roanoke VA,USA,ROA,KROA,37.3255,-79.975403,1175,-5,A,America/New_York,airport,Iraq,Greenbrier County,USA,The Greenbrier Sports Performance Centre,37.781,-80.297
50.97178041338278,4065,David Wayne Hooks Memorial Airport,Houston,USA,DWH,KDWH,30.0618000031,-95.5528030396,152,-6,A,America/Chicago,airport,DR Congo,Houston,USA,Houston Training Centre,29.628,-95.382
40.765281039709684,4088,Mc Clellan-Palomar Airport,Carlsbad,USA,CLD,KCRQ,33.12829971,-117.2799988,331,-8,A,America/Los_Angeles,airport,New Zealand,San Diego,USA,University of San Diego - Torero Stadium,32.77,-117.1875
20.490933164168514,4088,Mc Clellan-Palomar Airport,Carlsbad,USA,CLD,KCRQ,33.12829971,-117.2799988,331,-8,A,America/Los_Angeles,airport,Switzerland,San Diego,USA,SDJA,32.9481,-117.234
26.540715825984,4220,Sugar Land Regional Airport,Sugar Land,USA,SGR,KSGR,29.622299194336,-95.65650177002,82,-6,A,America/Chicago,airport,DR Congo,Houston,USA,Houston Training Centre,29.628,-95.382
35.13904012722486,4226,West Houston Airport,Houston,USA,IWS,KIWS,29.818199157699997,-95.6725997925,111,-6,A,America/Chicago,airport,DR Congo,Houston,USA,Houston Training Centre,29.628,-95.382
60.26289654447987,4293,Charles B. Wheeler Downtown Airport,Kansas City,USA,MKC,KMKC,39.123199462890625,-94.5927963256836,759,-6,A,America/Chicago,airport,Algeria,Kansas City,USA,University of Kansas,38.9543,-95.2558
25.317215361787447,4293,Charles B. Wheeler Downtown Airport,Kansas City,USA,MKC,KMKC,39.123199462890625,-94.5927963256836,759,-6,A,America/Chicago,airport,Argentina,Kansas City,USA,Sporting KC Training Centre,38.9714,-94.8113
11.883050564638285,4293,Charles B. Wheeler Downtown Airport,Kansas City,USA,MKC,KMKC,39.123199462890625,-94.5927963256836,759,-6,A,America/Chicago,airport,England,Kansas City,USA,Swope Soccer Village,39.0247,-94.5394
3.191180931300375,4293,Charles B. Wheeler Downtown Airport,Kansas City,USA,MKC,KMKC,39.123199462890625,-94.5927963256836,759,-6,A,America/Chicago,airport,Netherlands,Kansas City,USA,KC Current Training Facility,39.149,-94.609
1.0681337687542698,4298,El Toro Marine Corps Air Station,Santa Ana,USA,NZJ,KNZJ,33.67610168457031,-117.7310028076172,383,-8,A,America/Los_Angeles,airport,USA,Irvine,USA,Great Park Sports Complex,33.6713,-117.741
11.579668236371575,5500,Vancouver Harbour Water Aerodrome,Vancouver,Canada,CXH,CYHC,49.2943992615,-123.111000061,0,-8,A,America/Vancouver,airport,Canada,Vancouver,CAN,National Soccer Development Centre,49.2444,-123.251
31.644305730160433,5613,Los Alamitos Army Air Field,Solwesi,Zambia,\N,KSLI,33.79000092,-118.052002,32,-8,U,America/Los_Angeles,airport,USA,Irvine,USA,Great Park Sports Complex,33.6713,-117.741
54.91716540019841,5737,New Bedford Regional Airport,New Bedford,USA,EWB,KEWB,41.67610168457031,-70.95690155029297,80,-5,A,America/New_York,airport,Ghana,Boston,USA,Bryant University,41.9173,-71.535
55.53604231741973,6426,Worcester Regional Airport,Worcester,USA,ORH,KORH,42.26729965209961,-71.87570190429688,1009,-5,A,America/New_York,airport,France,Boston,USA,Bentley University,42.3905,-71.221
48.00976598344991,6426,Worcester Regional Airport,Worcester,USA,ORH,KORH,42.26729965209961,-71.87570190429688,1009,-5,A,America/New_York,airport,Ghana,Boston,USA,Bryant University,41.9173,-71.535
40.432809350073406,6445,Bremerton National Airport,Bremerton,USA,PWT,KPWT,47.490200042725,-122.76499938965,444,-8,A,America/Los_Angeles,airport,Belgium,Renton,USA,Seattle Sounders FC Performance Centre and Clubhouse,47.4995,-122.227
21.135210762613042,6455,Berkley Structures Heliport,Pagerungan,Indonesia,\N,WA19,47.682043,-122.148456,50,-8,N,America/Los_Angeles,airport,Belgium,Renton,USA,Seattle Sounders FC Performance Centre and Clubhouse,47.4995,-122.227
31.401953917707242,6481,Fullerton Municipal Airport,Fullerton,USA,FUL,KFUL,33.8720016479,-117.980003357,96,-8,A,America/Los_Angeles,airport,USA,Irvine,USA,Great Park Sports Complex,33.6713,-117.741
22.29346074346196,6482,Concord-Padgett Regional Airport,Concord,USA,USA,KJQF,35.387798,-80.709099,705,-5,A,America/New_York,airport,Scotland,Charlotte,USA,Charlotte FC,35.2253,-80.853
5.857711394178107,6505,Phoenix-Mesa-Gateway Airport,Mesa,USA,AZA,KIWA,33.30780029,-111.6549988,1382,-7,N,America/Phoenix,airport,Türkiye,Mesa,USA,Arizona Athletic Grounds,33.355,-111.683
63.17334149067295,6826,Burnet Municipal Kate Craddock Field,Bamburi,Kenya,\N,KBMQ,30.73889923095703,-98.23860168457033,1284,-6,U,America/Chicago,airport,Saudi Arabia,Austin,USA,Austin FC Stadium,30.3881,-97.7196
52.105036137871096,6829,Oceanside Municipal Airport,Fraser Island,Australia,OCN,KOKB,33.217300415039,-117.35399627686,28,-8,O,America/Los_Angeles,airport,New Zealand,San Diego,USA,University of San Diego - Torero Stadium,32.77,-117.1875
31.953346936811837,6829,Oceanside Municipal Airport,Fraser Island,Australia,OCN,KOKB,33.217300415039,-117.35399627686,28,-8,O,America/Los_Angeles,airport,Switzerland,San Diego,USA,SDJA,32.9481,-117.234
61.95008788530427,6829,Oceanside Municipal Airport,Fraser Island,Australia,OCN,KOKB,33.217300415039,-117.35399627686,28,-8,O,America/Los_Angeles,airport,USA,Irvine,USA,Great Park Sports Complex,33.6713,-117.741
36.64514885212075,6948,NAS Fort Worth JRB/Carswell Field,Dallas,USA,FWH,KNFW,32.76919937,-97.4414978,650,-6,A,America/Chicago,airport,Czechia,Dallas,USA,Mansfield Multipurpose Stadium,32.555,-97.144
12.447350812438454,6958,Greenbrier Valley Airport,Lewisburg,USA,LWB,KLWB,37.8582992554,-80.3994979858,2302,-5,U,America/New_York,airport,Iraq,Greenbrier County,USA,The Greenbrier Sports Performance Centre,37.781,-80.297
63.20664950159744,6961,Oxnard Airport,Oxnard,USA,OXR,KOXR,34.200801849365,-119.20700073242,45,-8,A,America/Los_Angeles,airport,Austria,Goleta,USA,UC Santa Barbara - Harder Stadium,34.4128,-119.8455
49.616135150386775,6961,Oxnard Airport,Oxnard,USA,OXR,KOXR,34.200801849365,-119.20700073242,45,-8,A,America/Los_Angeles,airport,Qatar,Santa Barbara,USA,Westmont College,34.4427,-119.661
69.21948802522105,7025,Catalina Airport,Catalina Island,USA,AVX,KAVX,33.4049,-118.416,1602,-8,A,America/Los_Angeles,airport,USA,Irvine,USA,Great Park Sports Complex,33.6713,-117.741
57.30296675064238,7053,Zamperini Field,Torrance,USA,TOA,KTOA,33.803398132324,-118.33999633789,103,-8,A,America/Los_Angeles,airport,USA,Irvine,USA,Great Park Sports Complex,33.6713,-117.741
64.60851670802546,7083,Orcas Island Airport,Eastsound,USA,ESD,KORS,48.7081985474,-122.910003662,31,-8,A,America/Los_Angeles,airport,Canada,Vancouver,CAN,National Soccer Development Centre,49.2444,-123.251
64.77624566321754,7126,Phoenix Goodyear Airport,Goodyear,USA,GYR,KGYR,33.4225006104,-112.375999451,968,-7,N,America/Phoenix,airport,Türkiye,Mesa,USA,Arizona Athletic Grounds,33.355,-111.683
51.225188104212826,7268,Nanaimo Harbour Water Airport,Nanaimo,Canada,ZNA,CAC8,49.1833000183,-123.949996948,0,-8,A,America/Vancouver,airport,Canada,Vancouver,CAN,National Soccer Development Centre,49.2444,-123.251
46.91260364791092,7269,Ganges Seaplane Base,Ganges,Canada,YGG,CAX6,48.8545,-123.4969,0,-8,A,America/Vancouver,airport,Canada,Vancouver,CAN,National Soccer Development Centre,49.2444,-123.251
25.694490386234143,7273,Boundary Bay Airport,Boundary Bay,Canada,YDT,CZBB,49.0742,-123.012001,6,-8,A,America/Vancouver,airport,Canada,Vancouver,CAN,National Soccer Development Centre,49.2444,-123.251
47.817205321699475,7274,Langley Airport,Langley Township,Canada,YLY,CYNJ,49.10079956049999,-122.630996704,34,-8,A,America/Vancouver,airport,Canada,Vancouver,CAN,National Soccer Development Centre,49.2444,-123.251
32.28711088171769,7494,Rock Hill - York County Airport,Rock Hill,USA,RKH,KUZA,34.9878006,-81.05719757,666,-5,A,America/New_York,airport,Scotland,Charlotte,USA,Charlotte FC,35.2253,-80.853
21.626626564133463,7497,Fulton County Airport Brown Field,Atlanta,USA,FTY,KFTY,33.7790985107,-84.5214004517,841,-5,A,America/New_York,airport,Uzbekistan,Atlanta,USA,Atlanta United Training Centre,33.969,-84.572
26.369665736432324,7511,The Ohio State University Airport - Don Scott Field,Columbus,USA,OSU,KOSU,40.0798,-83.072998,905,-5,U,America/New_York,airport,Ecuador,Columbus,USA,Columbus Crew Performance Centre,39.857,-82.967
54.24373408545245,7513,Addison Airport,Addison,USA,ADS,KADS,32.9686012268,-96.8364028931,644,-6,A,America/Chicago,airport,Czechia,Dallas,USA,Mansfield Multipurpose Stadium,32.555,-97.144
20.68253314592929,7513,Addison Airport,Addison,USA,ADS,KADS,32.9686012268,-96.8364028931,644,-6,A,America/Chicago,airport,Sweden,Dallas,USA,FC Dallas Stadium,33.1546,-96.835
42.932865271557255,7579,Provo Municipal Airport,Provo,USA,PVU,KPVU,40.219200134277,-111.72299957275,4497,-7,A,America/Denver,airport,Bosnia and Herzegovina,Sandy,USA,RSL Stadium,40.5829,-111.8932
33.717838187210944,7629,Livermore Municipal Airport,Livermore,USA,LVK,KLVK,37.6934013367,-121.819999695,400,-8,A,America/Los_Angeles,airport,Australia,San Francisco Bay Area,USA,Oakland Roots/Soul Training Facility,37.7505,-122.1965
39.796806037631,7629,Livermore Municipal Airport,Livermore,USA,LVK,KLVK,37.6934013367,-121.819999695,400,-8,A,America/Los_Angeles,airport,Paraguay,San Francisco Bay Area,USA,Spartan Soccer Complex,37.346,-121.9285
36.53008477981909,7649,Scottsdale Airport,Scottsdale,USA,SCF,KSDL,33.622898101807,-111.91100311279,1510,-7,A,America/Phoenix,airport,Türkiye,Mesa,USA,Arizona Athletic Grounds,33.355,-111.683
26.99060863933993,7654,DeKalb Peachtree Airport,Atlanta,USA,PDK,KPDK,33.8755989075,-84.3020019531,1003,-5,A,America/New_York,airport,Uzbekistan,Atlanta,USA,Atlanta United Training Centre,33.969,-84.572
33.37650739675522,7656,Witham Field,Stuart,USA,SUA,KSUA,27.18169975,-80.22109985,16,-5,A,America/New_York,airport,Portugal,Palm Beach Gardens,USA,Gardens North County District Park,26.8915,-80.135
30.40004923382527,7657,Morristown Municipal Airport,Morristown,USA,MMU,KMMU,40.79940032958984,-74.41490173339844,187,-5,A,America/New_York,airport,Brazil,New York New Jersey,USA,Columbia Park Training Facility,40.792,-74.0539
20.232291523395066,7657,Morristown Municipal Airport,Morristown,USA,MMU,KMMU,40.79940032958984,-74.41490173339844,187,-5,A,America/New_York,airport,Morocco,New York New Jersey,USA,The Pingry School,40.668,-74.581
30.67000770333586,7657,Morristown Municipal Airport,Morristown,USA,MMU,KMMU,40.79940032958984,-74.41490173339844,187,-5,A,America/New_York,airport,Senegal,New York New Jersey,USA,Rutgers University,40.524,-74.435
51.980152199725,7658,Napa County Airport,Napa,USA,APC,KAPC,38.2132,-122.280998,35,-8,A,America/Los_Angeles,airport,Australia,San Francisco Bay Area,USA,Oakland Roots/Soul Training Facility,37.7505,-122.1965
14.028084315228005,7659,Brown Field Municipal Airport,San Diego,USA,SDM,KSDM,32.572299957275,-116.98000335693,526,-8,A,America/Los_Angeles,airport,Iran,Tijuana,MEX,Centro Xoloitzcuintle,32.4793,-116.8789
29.333934005581263,7659,Brown Field Municipal Airport,San Diego,USA,SDM,KSDM,32.572299957275,-116.98000335693,526,-8,A,America/Los_Angeles,airport,New Zealand,San Diego,USA,University of San Diego - Torero Stadium,32.77,-117.1875
48.065130887471476,7659,Brown Field Municipal Airport,San Diego,USA,SDM,KSDM,32.572299957275,-116.98000335693,526,-8,A,America/Los_Angeles,airport,Switzerland,San Diego,USA,SDJA,32.9481,-117.234
56.65426120444629,7663,Palm Beach County Glades Airport,Pahokee,USA,PHK,KPHK,26.78499985,-80.69339752,16,-5,A,America/New_York,airport,Portugal,Palm Beach Gardens,USA,Gardens North County District Park,26.8915,-80.135
66.37479602261459,7670,San Bernardino International Airport,San Bernardino,USA,SBD,KSBD,34.0954017639,-117.23500061,1159,-8,A,America/Los_Angeles,airport,USA,Irvine,USA,Great Park Sports Complex,33.6713,-117.741
26.94596546788741,7683,San Carlos Airport,San Carlos,USA,SQL,KSQL,37.511901855469,-122.25,5,-8,A,America/Los_Angeles,airport,Australia,San Francisco Bay Area,USA,Oakland Roots/Soul Training Facility,37.7505,-122.1965
33.85592197526386,7683,San Carlos Airport,San Carlos,USA,SQL,KSQL,37.511901855469,-122.25,5,-8,A,America/Los_Angeles,airport,Paraguay,San Francisco Bay Area,USA,Spartan Soccer Complex,37.346,-121.9285
39.545859138259786,7693,Gillespie Field,El Cajon,USA,SEE,KSEE,32.826198577881,-116.97200012207,388,-8,A,America/Los_Angeles,airport,Iran,Tijuana,MEX,Centro Xoloitzcuintle,32.4793,-116.8789
21.089574108122214,7693,Gillespie Field,El Cajon,USA,SEE,KSEE,32.826198577881,-116.97200012207,388,-8,A,America/Los_Angeles,airport,New Zealand,San Diego,USA,University of San Diego - Torero Stadium,32.77,-117.1875
27.96840115593206,7693,Gillespie Field,El Cajon,USA,SEE,KSEE,32.826198577881,-116.97200012207,388,-8,A,America/Los_Angeles,airport,Switzerland,San Diego,USA,SDJA,32.9481,-117.234
5.4926605090579255,7712,Cobb County-Mc Collum Field,Atlanta,USA,\N,KRYY,34.01319885,-84.59860229,1040,-5,A,America/New_York,airport,Uzbekistan,Atlanta,USA,Atlanta United Training Centre,33.969,-84.572
5.737188148156617,7729,West 30th St. Heliport,New York,USA,JRA,KJRA,40.754501,-74.007103,7,-5,A,America/New_York,airport,Brazil,New York New Jersey,USA,Columbia Park Training Facility,40.792,-74.0539
49.31866475551998,7729,West 30th St. Heliport,New York,USA,JRA,KJRA,40.754501,-74.007103,7,-5,A,America/New_York,airport,Morocco,New York New Jersey,USA,The Pingry School,40.668,-74.581
44.27730274150884,7729,West 30th St. Heliport,New York,USA,JRA,KJRA,40.754501,-74.007103,7,-5,A,America/New_York,airport,Senegal,New York New Jersey,USA,Rutgers University,40.524,-74.435
49.53475923609765,7732,Lakeland Linder International Airport,Lakeland,USA,LAL,KLAL,27.988899,-82.018602,142,-5,A,America/New_York,airport,Cape Verde,Tampa,USA,Waters Sportsplex,28.039,-82.52
57.7768744097412,7769,French Valley Airport,Murrieta-Temecula,USA,RBK,KF70,33.5741996765,-117.127998352,1350,-8,A,America/Los_Angeles,airport,USA,Irvine,USA,Great Park Sports Complex,33.6713,-117.741
42.560432168454554,7820,Brampton Airport,Brampton,Canada,\N,CNC3,43.7602996826,-79.875,935,-5,A,America/Toronto,airport,Panama,New Tecumseth,CAN,Nottawasaga Training Site,44.143,-79.866
12.97299382162103,7846,Arlington Municipal Airport,Arlington,USA,\N,KGKY,32.66389846801758,-97.09429931640624,628,-6,A,America/Chicago,airport,Czechia,Dallas,USA,Mansfield Multipurpose Stadium,32.555,-97.144
59.69172171987887,7846,Arlington Municipal Airport,Arlington,USA,\N,KGKY,32.66389846801758,-97.09429931640624,628,-6,A,America/Chicago,airport,Sweden,Dallas,USA,FC Dallas Stadium,33.1546,-96.835
56.22213677961046,7847,Gwinnett County Briscoe Field,Lawrenceville,USA,LZU,KLZU,33.97809982,-83.96240234,1061,-5,A,America/New_York,airport,Uzbekistan,Atlanta,USA,Atlanta United Training Centre,33.969,-84.572
30.027913031298045,7859,Burlington Alamance Regional Airport,Burlington,USA,\N,KBUY,36.04850006103515,-79.47489929199219,617,-5,A,America/New_York,airport,Norway,Greensboro,USA,UNC Greensboro,36.0688,-79.808
34.480576134567414,7869,New Century Aircenter Airport,Olathe,USA,JCI,KIXD,38.8308982849,-94.890296936,1087,-6,A,America/Chicago,airport,Algeria,Kansas City,USA,University of Kansas,38.9543,-95.2558
17.053201976477155,7869,New Century Aircenter Airport,Olathe,USA,JCI,KIXD,38.8308982849,-94.890296936,1087,-6,A,America/Chicago,airport,Argentina,Kansas City,USA,Sporting KC Training Centre,38.9714,-94.8113
37.22536528865118,7869,New Century Aircenter Airport,Olathe,USA,JCI,KIXD,38.8308982849,-94.890296936,1087,-6,A,America/Chicago,airport,England,Kansas City,USA,Swope Soccer Village,39.0247,-94.5394
42.92061851678825,7869,New Century Aircenter Airport,Olathe,USA,JCI,KIXD,38.8308982849,-94.890296936,1087,-6,A,America/Chicago,airport,Netherlands,Kansas City,USA,KC Current Training Facility,39.149,-94.609
29.28117734444141,7888,Buchanan Field,Concord,USA,CCR,KCCR,37.9897003174,-122.056999207,26,-8,A,America/Los_Angeles,airport,Australia,San Francisco Bay Area,USA,Oakland Roots/Soul Training Facility,37.7505,-122.1965
34.14113534291036,7925,Philip Billard Municipal Airport,Topeka,USA,TOP,KTOP,39.068698883057,-95.622497558594,881,-6,A,America/Chicago,airport,Algeria,Kansas City,USA,University of Kansas,38.9543,-95.2558
25.874359761691224,7930,Smyrna Airport,Smyrna,USA,MQY,KMQY,36.0089988708,-86.5201034546,543,-6,A,America/Chicago,airport,Japan,Nashville,USA,Nashville SC,36.13,-86.766
56.24969868285482,7931,Franklin County Airport,Sewanee,USA,UOS,KUOS,35.205101013184,-85.898101806641,1953,-6,A,America/Chicago,airport,Spain,Chattanooga,USA,Baylor School,35.0822,-85.298
22.904995699522964,7935,Collin County Regional At Mc Kinney Airport,DALLAS,USA,\N,KTKI,33.17789841,-96.59049988,585,-6,A,America/Chicago,airport,Sweden,Dallas,USA,FC Dallas Stadium,33.1546,-96.835
62.148756220310396,7938,Southwest Washington Regional Airport,Kelso,USA,KLS,KKLS,46.11800003049999,-122.898002625,20,-8,A,America/Los_Angeles,airport,Jordan,Portland,USA,University of Portland,45.572,-122.7265
45.171157020398766,7980,Casa Grande Municipal Airport,Casa Grande,USA,CGZ,KCGZ,32.954899,-111.766998,1464,-7,U,America/Phoenix,airport,Türkiye,Mesa,USA,Arizona Athletic Grounds,33.355,-111.683
60.83765607466831,7981,Mobile Airport,Mobile,USA,\N,1AZ0,33.111900329589844,-112.2689971923828,1261,-7,U,America/Phoenix,airport,Türkiye,Mesa,USA,Arizona Athletic Grounds,33.355,-111.683
21.258614864120215,7990,Essex County Airport,Caldwell,USA,CDW,KCDW,40.875198364300005,-74.2814025879,173,-5,A,America/New_York,airport,Brazil,New York New Jersey,USA,Columbia Park Training Facility,40.792,-74.0539
34.16605071191115,7990,Essex County Airport,Caldwell,USA,CDW,KCDW,40.875198364300005,-74.2814025879,173,-5,A,America/New_York,airport,Morocco,New York New Jersey,USA,The Pingry School,40.668,-74.581
41.142172127268005,7990,Essex County Airport,Caldwell,USA,CDW,KCDW,40.875198364300005,-74.2814025879,173,-5,A,America/New_York,airport,Senegal,New York New Jersey,USA,Rutgers University,40.524,-74.435
52.42598228308997,8030,Phoenix Deer Valley Airport,Phoenix ,USA,DVT,KDVT,33.6883010864,-112.083000183,1478,-7,A,America/Phoenix,airport,Türkiye,Mesa,USA,Arizona Athletic Grounds,33.355,-111.683
54.40136972773566,8034,Republic Airport,Farmingdale,USA,FRG,KFRG,40.7288017273,-73.4133987427,82,-5,A,America/New_York,airport,Brazil,New York New Jersey,USA,Columbia Park Training Facility,40.792,-74.0539
25.465511145100713,8121,Portland Troutdale Airport,Troutdale,USA,TTD,KTTD,45.54940032959,-122.40100097656,39,-8,A,America/Los_Angeles,airport,Jordan,Portland,USA,University of Portland,45.572,-122.7265
17.75259771226672,8122,Portland Hillsboro Airport,Hillsboro,USA,HIO,KHIO,45.540401,-122.949997,208,-8,A,America/Los_Angeles,airport,Jordan,Portland,USA,University of Portland,45.572,-122.7265
9.943138361769602,8123,One Police Plaza Heliport,New York,USA,\N,NK39,40.71260070800781,-73.99960327148438,244,-5,A,America/New_York,airport,Brazil,New York New Jersey,USA,Columbia Park Training Facility,40.792,-74.0539
49.269425467299456,8123,One Police Plaza Heliport,New York,USA,\N,NK39,40.71260070800781,-73.99960327148438,244,-5,A,America/New_York,airport,Morocco,New York New Jersey,USA,The Pingry School,40.668,-74.581
42.31194028590374,8123,One Police Plaza Heliport,New York,USA,\N,NK39,40.71260070800781,-73.99960327148438,244,-5,A,America/New_York,airport,Senegal,New York New Jersey,USA,Rutgers University,40.524,-74.435
53.89179859393118,8138,Marin County Airport - Gnoss Field,Novato,USA,NOT,KDVO,38.143600463867,-122.55599975586,2,-8,A,America/Los_Angeles,airport,Australia,San Francisco Bay Area,USA,Oakland Roots/Soul Training Facility,37.7505,-122.1965
40.43192655758776,8143,Montgomery County Airpark,Gaithersburg,USA,GAI,KGAI,39.1683006287,-77.1660003662,539,-5,A,America/New_York,airport,Croatia,Alexandria,USA,Episcopal High School,38.808,-77.103
29.380330086257572,8188,Dallas Executive Airport,Dallas,USA,RBD,KRBD,32.6809005737,-96.8682022095,660,-6,A,America/Chicago,airport,Czechia,Dallas,USA,Mansfield Multipurpose Stadium,32.555,-97.144
52.764068346414334,8188,Dallas Executive Airport,Dallas,USA,RBD,KRBD,32.6809005737,-96.8682022095,660,-6,A,America/Chicago,airport,Sweden,Dallas,USA,FC Dallas Stadium,33.1546,-96.835
66.95023784902912,8194,Westerly State Airport,Washington County,USA,WST,KWST,41.3496017456,-71.8033981323,81,-5,A,America/New_York,airport,Ghana,Boston,USA,Bryant University,41.9173,-71.535
67.25739607673526,8224,Victoria Airport,Patricia Bay,Canada,\N,CAP5,48.6538920506,-123.450450897,0,-8,A,America/Vancouver,airport,Canada,Vancouver,CAN,National Soccer Development Centre,49.2444,-123.251
59.81153856012565,8276,Taunton Municipal King Field,Taunton,USA,\N,KTAN,41.8744010925293,-71.0166015625,43,-5,A,America/New_York,airport,France,Boston,USA,Bentley University,42.3905,-71.221
43.1716169476156,8276,Taunton Municipal King Field,Taunton,USA,\N,KTAN,41.8744010925293,-71.0166015625,43,-5,A,America/New_York,airport,Ghana,Boston,USA,Bryant University,41.9173,-71.535
67.17888847501874,8277,Plymouth Municipal Airport,Plymouth,USA,PYM,KPYM,41.909,-70.728798,148,-5,A,America/New_York,airport,France,Boston,USA,Bentley University,42.3905,-71.221
66.71663040798911,8277,Plymouth Municipal Airport,Plymouth,USA,PYM,KPYM,41.909,-70.728798,148,-5,A,America/New_York,airport,Ghana,Boston,USA,Bryant University,41.9173,-71.535
37.035326879089695,8278,Quonset State Airport,North Kingstown,USA,NCO,KOQU,41.597099304199,-71.412101745605,18,-5,A,America/New_York,airport,Ghana,Boston,USA,Bryant University,41.9173,-71.535
22.588407541897695,8280,Norwood Memorial Airport,Norwood,USA,OWD,KOWD,42.1904983521,-71.1728973389,49,-5,A,America/New_York,airport,France,Boston,USA,Bentley University,42.3905,-71.221
42.62205338414479,8280,Norwood Memorial Airport,Norwood,USA,OWD,KOWD,42.1904983521,-71.1728973389,49,-5,A,America/New_York,airport,Ghana,Boston,USA,Bryant University,41.9173,-71.535
56.831705683786474,8282,Windham Airport,Willimantic,USA,\N,KIJD,41.74399948120117,-72.1802978515625,247,-5,A,America/New_York,airport,Ghana,Boston,USA,Bryant University,41.9173,-71.535
55.64527190134793,8285,Marshfield Municipal George Harlow Field,Marshfield,USA,\N,KGHG,42.09830093383789,-70.67220306396484,11,-5,A,America/New_York,airport,France,Boston,USA,Bentley University,42.3905,-71.221
49.70658735520559,8287,Boire Field,Nashua,USA,ASH,KASH,42.7817001343,-71.51480102539999,199,-5,A,America/New_York,airport,France,Boston,USA,Bentley University,42.3905,-71.221
37.19681352110322,8288,Lawrence Municipal Airport,Lawrence,USA,LWM,KLWM,42.717201232899995,-71.1233978271,148,-5,A,America/New_York,airport,France,Boston,USA,Bentley University,42.3905,-71.221
47.72845691291295,8290,Fitchburg Municipal Airport,Fitchburg,USA,\N,KFIT,42.554100036621094,-71.75900268554688,348,-5,A,America/New_York,airport,France,Boston,USA,Bentley University,42.3905,-71.221
37.30866844332087,8291,Earl L. Small Jr. Field/Stockmar Airport,Villa Rica,USA,\N,20GA,33.756500244099996,-84.88469696039999,1110,-5,A,America/New_York,airport,Uzbekistan,Atlanta,USA,Atlanta United Training Centre,33.969,-84.572
30.71722444047805,8292,Cartersville Airport,Cartersville,USA,\N,KVPC,34.12310028076172,-84.84870147705078,759,-5,A,America/New_York,airport,Uzbekistan,Atlanta,USA,Atlanta United Training Centre,33.969,-84.572
68.61210427894817,8294,Richard B Russell Airport,Rome,USA,RMG,KRMG,34.3506011963,-85.15799713130001,644,-5,A,America/New_York,airport,Uzbekistan,Atlanta,USA,Atlanta United Training Centre,33.969,-84.572
55.840467879967036,8299,Dalton Municipal Airport,Dalton,USA,DNN,KDNN,34.72290039,-84.87020111,709,-5,A,America/New_York,airport,Spain,Chattanooga,USA,Baylor School,35.0822,-85.298
65.45763363504363,8300,West Georgia Regional O V Gray Field,Carrollton,USA,\N,KCTJ,33.63100051879883,-85.1520004272461,1161,-5,A,America/New_York,airport,Uzbekistan,Atlanta,USA,Atlanta United Training Centre,33.969,-84.572
68.0179608588736,8306,Peachtree City Falcon Field,Atlanta,USA,\N,KFFC,33.3572998046875,-84.5718002319336,808,-5,A,America/New_York,airport,Uzbekistan,Atlanta,USA,Atlanta United Training Centre,33.969,-84.572
50.80334094637397,8342,Fort Worth Alliance Airport,Fort Worth,USA,AFW,KAFW,32.9875984192,-97.3188018799,722,-6,A,America/Chicago,airport,Czechia,Dallas,USA,Mansfield Multipurpose Stadium,32.555,-97.144
48.75575711461069,8342,Fort Worth Alliance Airport,Fort Worth,USA,AFW,KAFW,32.9875984192,-97.3188018799,722,-6,A,America/Chicago,airport,Sweden,Dallas,USA,FC Dallas Stadium,33.1546,-96.835
41.236332029247684,8364,Collingwood Airport,Collingwood,Canada,\N,CNY3,44.4491996765,-80.1583023071,730,-5,A,America/Toronto,airport,Panama,New Tecumseth,CAN,Nottawasaga Training Site,44.143,-79.866
7.177190963790367,8366,Lawrence Municipal Airport,Lawrence,USA,LWC,KLWC,39.01119995,-95.21659851,833,-6,A,America/Chicago,airport,Algeria,Kansas City,USA,University of Kansas,38.9543,-95.2558
35.30648192089818,8366,Lawrence Municipal Airport,Lawrence,USA,LWC,KLWC,39.01119995,-95.21659851,833,-6,A,America/Chicago,airport,Argentina,Kansas City,USA,Sporting KC Training Centre,38.9714,-94.8113
58.52416882197658,8366,Lawrence Municipal Airport,Lawrence,USA,LWC,KLWC,39.01119995,-95.21659851,833,-6,A,America/Chicago,airport,England,Kansas City,USA,Swope Soccer Village,39.0247,-94.5394
54.638328522616284,8366,Lawrence Municipal Airport,Lawrence,USA,LWC,KLWC,39.01119995,-95.21659851,833,-6,A,America/Chicago,airport,Netherlands,Kansas City,USA,KC Current Training Facility,39.149,-94.609
13.751305030858246,8379,Pompano Beach Airpark,Pompano Beach,USA,PPM,KPMP,26.247100830078,-80.111099243164,19,-5,A,America/New_York,airport,Curaçao,Boca Raton,USA,Florida Atlantic University,26.3705,-80.102
55.211490260635316,8397,Sky Ranch At Carefree Airport,Carefree,USA,\N,18AZ,33.81809997558594,-111.89800262451172,2568,-7,N,America/Phoenix,airport,Türkiye,Mesa,USA,Arizona Athletic Grounds,33.355,-111.683
46.71808229129861,8445,Flabob Airport,Riverside,USA,\N,KRIR,33.98970031738281,-117.41100311279295,764,-8,A,America/Los_Angeles,airport,USA,Irvine,USA,Great Park Sports Complex,33.6713,-117.741
36.899387099740316,8446,Tacoma Narrows Airport,Tacoma,USA,TIW,KTIW,47.26789856,-122.5780029,294,-8,A,America/Los_Angeles,airport,Belgium,Renton,USA,Seattle Sounders FC Performance Centre and Clubhouse,47.4995,-122.227
35.29366701106559,8504,Wings Field,Philadelphia,USA,BBX,KLOM,40.1375007629,-75.2650985718,302,-5,A,America/New_York,airport,Ivory Coast,Philadelphie,USA,Philadelphia Union,39.8322,-75.3784
41.440183562880414,8509,Zephyrhills Municipal Airport,Zephyrhills,USA,ZPH,KZPH,28.2282009125,-82.15589904790001,90,-5,A,America/New_York,airport,Cape Verde,Tampa,USA,Waters Sportsplex,28.039,-82.52
60.73621002349487,8526,Statesville Regional Airport,Statesville,USA,SVH,KSVH,35.765300750732,-80.953903198242,968,-5,A,America/New_York,airport,Scotland,Charlotte,USA,Charlotte FC,35.2253,-80.853
55.86225185087114,8548,South Jersey Regional Airport,Mount Holly,USA,LLY,KVAY,39.942901611299995,-74.845703125,53,-5,A,America/New_York,airport,Haiti,New York New Jersey,USA,Stockton University,39.501,-74.535
47.08723253800308,8548,South Jersey Regional Airport,Mount Holly,USA,LLY,KVAY,39.942901611299995,-74.845703125,53,-5,A,America/New_York,airport,Ivory Coast,Philadelphie,USA,Philadelphia Union,39.8322,-75.3784
25.20563280422142,8550,Linden Airport,Linden,USA,LDJ,KLDJ,40.617401123,-74.2445983887,23,-5,A,America/New_York,airport,Brazil,New York New Jersey,USA,Columbia Park Training Facility,40.792,-74.0539
28.935522497029826,8550,Linden Airport,Linden,USA,LDJ,KLDJ,40.617401123,-74.2445983887,23,-5,A,America/New_York,airport,Morocco,New York New Jersey,USA,The Pingry School,40.668,-74.581
19.144115380887644,8550,Linden Airport,Linden,USA,LDJ,KLDJ,40.617401123,-74.2445983887,23,-5,A,America/New_York,airport,Senegal,New York New Jersey,USA,Rutgers University,40.524,-74.435
24.435953545421057,8565,Clearwater Air Park,Clearwater,USA,CLW,KCLW,27.9766998291,-82.7586975098,71,-5,A,America/New_York,airport,Cape Verde,Tampa,USA,Waters Sportsplex,28.039,-82.52
54.88399672994153,8601,Pickens County Airport,Jasper,USA,\N,KJZP,34.453399658203125,-84.4573974609375,1535,-5,A,America/New_York,airport,Uzbekistan,Atlanta,USA,Atlanta United Training Centre,33.969,-84.572
62.34949252845836,8608,Ramona Airport,Ramona,USA,\N,KRNM,33.0392,-116.915001,1395,-8,A,America/Los_Angeles,airport,Iran,Tijuana,MEX,Centro Xoloitzcuintle,32.4793,-116.8789
39.28351208433611,8608,Ramona Airport,Ramona,USA,\N,KRNM,33.0392,-116.915001,1395,-8,A,America/Los_Angeles,airport,New Zealand,San Diego,USA,University of San Diego - Torero Stadium,32.77,-117.1875
31.427950898988705,8608,Ramona Airport,Ramona,USA,\N,KRNM,33.0392,-116.915001,1395,-8,A,America/Los_Angeles,airport,Switzerland,San Diego,USA,SDJA,32.9481,-117.234
32.97496184336822,8658,Beverly Municipal Airport,Beverly,USA,BVY,KBVY,42.584201812699995,-70.91649627689999,107,-5,A,America/New_York,airport,France,Boston,USA,Bentley University,42.3905,-71.221
55.12901328927292,8665,Somerset Airport,Somerville,USA,\N,KSMQ,40.625999450683594,-74.67019653320312,105,-5,A,America/New_York,airport,Brazil,New York New Jersey,USA,Columbia Park Training Facility,40.792,-74.0539
8.856719427913015,8665,Somerset Airport,Somerville,USA,\N,KSMQ,40.625999450683594,-74.67019653320312,105,-5,A,America/New_York,airport,Morocco,New York New Jersey,USA,The Pingry School,40.668,-74.581
22.874228324273542,8665,Somerset Airport,Somerville,USA,\N,KSMQ,40.625999450683594,-74.67019653320312,105,-5,A,America/New_York,airport,Senegal,New York New Jersey,USA,Rutgers University,40.524,-74.435
63.57086070303073,8771,Lompoc Airport,Lompoc,USA,LPC,KLPC,34.665599823,-120.468002319,88,-8,A,America/Los_Angeles,airport,Austria,Goleta,USA,UC Santa Barbara - Harder Stadium,34.4128,-119.8455
44.64015818351592,8772,Chester County G O Carlson Airport,Coatesville,USA,CTH,KMQS,39.97900009,-75.8655014,660,-5,A,America/New_York,airport,Ivory Coast,Philadelphie,USA,Philadelphia Union,39.8322,-75.3784
45.022765044829036,8793,Hardwick Field,Cleveland,USA,HDI,KHDI,35.22010040283203,-84.8323974609375,874,-5,A,America/New_York,airport,Spain,Chattanooga,USA,Baylor School,35.0822,-85.298
1.0904510692059153,8796,Renton Municipal Airport,Renton,USA,RNT,KRNT,47.4930992126,-122.216003418,32,-8,A,America/Los_Angeles,airport,Belgium,Renton,USA,Seattle Sounders FC Performance Centre and Clubhouse,47.4995,-122.227
46.88805057840113,8798,Brackett Field,La Verne,USA,POC,KPOC,34.091598510742,-117.78199768066,1011,-8,A,America/Los_Angeles,airport,USA,Irvine,USA,Great Park Sports Complex,33.6713,-117.741
63.75962395095879,8808,Tom B. David Field,Calhoun,USA,\N,KCZL,34.45539856,-84.93920135,647,-5,A,America/New_York,airport,Uzbekistan,Atlanta,USA,Atlanta United Training Centre,33.969,-84.572
32.55294826995746,8811,Georgetown Municipal Airport,Georgetown,USA,\N,KGTU,30.678800582885746,-97.6793975830078,790,-6,A,America/Chicago,airport,Saudi Arabia,Austin,USA,Austin FC Stadium,30.3881,-97.7196
68.74132519641746,8816,Newnan Hospital Heliport,Bengassi,Mali,\N,GA46,33.38090133666992,-84.8010025024414,960,0,N,Africa/Bamako,airport,Uzbekistan,Atlanta,USA,Atlanta United Training Centre,33.969,-84.572
49.46117934889506,8835,Leesburg Executive Airport,Leesburg,USA,\N,KJYO,39.077999,-77.557503,389,-5,A,America/New_York,airport,Croatia,Alexandria,USA,Episcopal High School,38.808,-77.103
32.970844381389405,8864,Palo Alto Airport of Santa Clara County,Palo Alto,USA,PAO,KPAO,37.461101532,-122.114997864,4,-8,A,America/Los_Angeles,airport,Australia,San Francisco Bay Area,USA,Oakland Roots/Soul Training Facility,37.7505,-122.1965
20.861022346671067,8864,Palo Alto Airport of Santa Clara County,Palo Alto,USA,PAO,KPAO,37.461101532,-122.114997864,4,-8,A,America/Los_Angeles,airport,Paraguay,San Francisco Bay Area,USA,Spartan Soccer Complex,37.346,-121.9285
12.483870656074686,8869,Falcon Field,Mesa,USA,MSC,KFFZ,33.4608001709,-111.727996826,1394,-7,A,America/Phoenix,airport,Türkiye,Mesa,USA,Arizona Athletic Grounds,33.355,-111.683
52.34270505780453,8870,Coolidge Municipal Airport,Cooldige,USA,\N,KP08,32.9359016418457,-111.427001953125,1574,-7,A,America/Phoenix,airport,Türkiye,Mesa,USA,Arizona Athletic Grounds,33.355,-111.683
46.04894310212965,8874,Ak-Chin Regional Airport,Phoenix,USA,\N,KA39,32.990806,-111.918528,1300,-7,A,America/Phoenix,airport,Türkiye,Mesa,USA,Arizona Athletic Grounds,33.355,-111.683
48.648941167978414,8935,Lee Airport,Annapolis,USA,ANP,KANP,38.942902,-76.568398,34,-5,A,America/New_York,airport,Croatia,Alexandria,USA,Episcopal High School,38.808,-77.103
12.083954691111455,8982,Hayward Executive Airport,Hayward,USA,HWD,KHWD,37.659198761,-122.122001648,52,-8,A,America/Los_Angeles,airport,Australia,San Francisco Bay Area,USA,Oakland Roots/Soul Training Facility,37.7505,-122.1965
38.7843317515197,8982,Hayward Executive Airport,Hayward,USA,HWD,KHWD,37.659198761,-122.122001648,52,-8,A,America/Los_Angeles,airport,Paraguay,San Francisco Bay Area,USA,Spartan Soccer Complex,37.346,-121.9285
68.18703342708402,9066,Henry County Airport,Hampton,USA,\N,K4A7,33.389099,-84.332397,874,-5,A,America/New_York,airport,Uzbekistan,Atlanta,USA,Atlanta United Training Centre,33.969,-84.572
11.664803428854412,9071,Alameda Naval Air Station,Alameda,USA,NGZ,KNGZ,37.78889846801758,-122.31999969482422,10,-8,U,America/Los_Angeles,airport,Australia,San Francisco Bay Area,USA,Oakland Roots/Soul Training Facility,37.7505,-122.1965
60.133133376082746,9071,Alameda Naval Air Station,Alameda,USA,NGZ,KNGZ,37.78889846801758,-122.31999969482422,10,-8,U,America/Los_Angeles,airport,Paraguay,San Francisco Bay Area,USA,Spartan Soccer Complex,37.346,-121.9285
59.9161600613499,9139,Glendale Municipal Airport,Glendale,USA,\N,KGEU,33.52690124511719,-112.29499816894533,1071,-7,N,America/Phoenix,airport,Türkiye,Mesa,USA,Arizona Athletic Grounds,33.355,-111.683
44.859918901251355,9189,Coeur D'Alene - Pappy Boyington Field,Coeur d'Alene,USA,COE,KCOE,47.77429962,-116.8199997,2320,-8,A,America/Los_Angeles,airport,Egypt,Spokane,USA,Gonzaga University,47.668,-117.3985
22.531450688114173,9225,Andrau Airpark,Houston,USA,AAP,KAAP,29.7224998474,-95.5883026123,79,-6,A,America/Chicago,airport,DR Congo,Houston,USA,Houston Training Centre,29.628,-95.382
46.38548662307644,9228,Johnson County Executive Airport,Olathe,USA,OJC,KOJC,38.84759903,-94.73760223,1096,-6,A,America/Chicago,airport,Algeria,Kansas City,USA,University of Kansas,38.9543,-95.2558
15.171229489260131,9228,Johnson County Executive Airport,Olathe,USA,OJC,KOJC,38.84759903,-94.73760223,1096,-6,A,America/Chicago,airport,Argentina,Kansas City,USA,Sporting KC Training Centre,38.9714,-94.8113
26.109121897017605,9228,Johnson County Executive Airport,Olathe,USA,OJC,KOJC,38.84759903,-94.73760223,1096,-6,A,America/Chicago,airport,England,Kansas City,USA,Swope Soccer Village,39.0247,-94.5394
35.30881026180814,9228,Johnson County Executive Airport,Olathe,USA,OJC,KOJC,38.84759903,-94.73760223,1096,-6,A,America/Chicago,airport,Netherlands,Kansas City,USA,KC Current Training Facility,39.149,-94.609
45.37158148110766,9236,Barrie-Orillia (Lake Simcoe Regional Airport),Barrie-Orillia,Canada,YLK,CYLS,44.4852981567,-79.55560302730001,972,-5,A,America/Toronto,airport,Panama,New Tecumseth,CAN,Nottawasaga Training Site,44.143,-79.866
60.2820486951643,9237,Huronia Airport,Midland,Canada,\N,CYEE,44.6833000183,-79.9282989502,770,-5,A,America/Toronto,airport,Panama,New Tecumseth,CAN,Nottawasaga Training Site,44.143,-79.866
53.481124495118316,9238,Markham Airport,Markham,Canada,\N,CNU8,43.93579864501953,-79.26219940185547,807,-5,A,America/Toronto,airport,Panama,New Tecumseth,CAN,Nottawasaga Training Site,44.143,-79.866
34.03090747860901,9243,Edenvale Aerodrome,Edenvale,Canada,\N,CNV8,44.441101,-79.962799,718,-5,A,America/Toronto,airport,Panama,New Tecumseth,CAN,Nottawasaga Training Site,44.143,-79.866
30.210444145219586,9245,Holland Landing Airpark,Holland Landing,Canada,\N,CLA4,44.08940124511719,-79.49500274658203,855,-5,A,America/Toronto,airport,Panama,New Tecumseth,CAN,Nottawasaga Training Site,44.143,-79.866
24.68876114017772,9249,Brandywine Airport,West Goshen Township,USA,\N,KOQN,39.9901008605957,-75.58190155029297,466,-5,A,America/New_York,airport,Ivory Coast,Philadelphie,USA,Philadelphia Union,39.8322,-75.3784
37.02985109527386,9251,Manassas Regional Airport/Harry P. Davis Field,Manassas,USA,MNZ,KHEF,38.72140121,-77.51540375,192,-5,A,America/New_York,airport,Croatia,Alexandria,USA,Episcopal High School,38.808,-77.103
58.27379985335205,9252,Texas Gulf Coast Regional Airport,Angleton,USA,LJN,KLBX,29.1086006165,-95.462097168,25,-6,A,America/Chicago,airport,DR Congo,Houston,USA,Houston Training Centre,29.628,-95.382
37.143961775141975,9348,Enumclaw Airport,Enumclaw,USA,\N,WA77,47.195701599121094,-122.02200317382812,738,-8,A,America/Los_Angeles,airport,Belgium,Renton,USA,Seattle Sounders FC Performance Centre and Clubhouse,47.4995,-122.227
68.89013828655949,9543,Ogden Hinckley Airport,Ogden,USA,OGD,KOGD,41.195899963379,-112.0120010376,4473,-7,A,America/Denver,airport,Bosnia and Herzegovina,Sandy,USA,RSL Stadium,40.5829,-111.8932
54.99045001240042,9749,Bedwell Harbour Seaplane Base,Bedwell Harbour,Canada,YBW,CAB3,48.75,-123.233001709,0,-8,A,America/Vancouver,airport,Canada,Vancouver,CAN,National Soccer Development Centre,49.2444,-123.251
64.45118548776834,9754,Causey Airport,Liberty,USA,\N,K2A5,35.911800384521484,-79.61759948730469,723,-5,A,America/New_York,airport,Germany,Winston-Salem,USA,Wake Forest University,36.1352,-80.2789
24.458371080092107,9754,Causey Airport,Liberty,USA,\N,K2A5,35.911800384521484,-79.61759948730469,723,-5,A,America/New_York,airport,Norway,Greensboro,USA,UNC Greensboro,36.0688,-79.808
59.797162962041675,9763,Doylestown Airport,Doylestown,USA,DYL,KDYL,40.3330001831,-75.1222991943,394,-5,A,America/New_York,airport,Ivory Coast,Philadelphie,USA,Philadelphia Union,39.8322,-75.3784
59.010961705693404,9763,Doylestown Airport,Doylestown,USA,DYL,KDYL,40.3330001831,-75.1222991943,394,-5,A,America/New_York,airport,Morocco,New York New Jersey,USA,The Pingry School,40.668,-74.581
61.93060513119404,9763,Doylestown Airport,Doylestown,USA,DYL,KDYL,40.3330001831,-75.1222991943,394,-5,A,America/New_York,airport,Senegal,New York New Jersey,USA,Rutgers University,40.524,-74.435
61.28561835310472,9788,Mesquite Metro Airport,Misquite,USA,\N,KHQZ,32.74700164794922,-96.53040313720705,447,-6,A,America/Chicago,airport,Czechia,Dallas,USA,Mansfield Multipurpose Stadium,32.555,-97.144
53.49695111912244,9788,Mesquite Metro Airport,Misquite,USA,\N,KHQZ,32.74700164794922,-96.53040313720705,447,-6,A,America/Chicago,airport,Sweden,Dallas,USA,FC Dallas Stadium,33.1546,-96.835
34.17003951270567,9789,Denton Municipal Airport,Denton,USA,\N,KDTO,33.2006988525,-97.1979980469,642,-6,A,America/Chicago,airport,Sweden,Dallas,USA,FC Dallas Stadium,33.1546,-96.835
14.731752798499079,9790,Austin Executive Airport,Austin,USA,\N,KEDC,30.3974931,-97.5663935,620,-6,A,America/Chicago,airport,Saudi Arabia,Austin,USA,Austin FC Stadium,30.3881,-97.7196
26.923528217641636,9791,Lago Vista Tx Rusty Allen Airport,Lago Vista,USA,\N,KRYW,30.498600006103516,-97.96949768066406,1231,-6,A,America/Chicago,airport,Saudi Arabia,Austin,USA,Austin FC Stadium,30.3881,-97.7196
26.59072543383537,9793,Lakeway Airpark,Lakeway,USA,\N,K3R9,30.357500076293945,-97.99449920654295,909,-6,A,America/Chicago,airport,Saudi Arabia,Austin,USA,Austin FC Stadium,30.3881,-97.7196
63.67708503579982,9938,Asheboro Regional Airport,Asheboro,USA,\N,KHBI,35.65449905,-79.8946991,671,-5,A,\N,airport,Germany,Winston-Salem,USA,Wake Forest University,36.1352,-80.2789
46.72598648256779,9938,Asheboro Regional Airport,Asheboro,USA,\N,KHBI,35.65449905,-79.8946991,671,-5,A,\N,airport,Norway,Greensboro,USA,UNC Greensboro,36.0688,-79.808
53.51687590711565,10017,San Gabriel Valley Airport,El Monte,USA,EMT,KEMT,34.086102,-118.035004,296,-8,E,\N,airport,USA,Irvine,USA,Great Park Sports Complex,33.6713,-117.741
49.20277703465223,10117,Cable Airport,Upland,USA,CCB,KCCB,34.1115989685,-117.68800354,1444,-8,A,\N,airport,USA,Irvine,USA,Great Park Sports Complex,33.6713,-117.741
68.39406813418272,10134,Horace Williams Airport,Chapel Hill,USA,\N,KIGX,35.935001,-79.065902,512,-5,A,\N,airport,Norway,Greensboro,USA,UNC Greensboro,36.0688,-79.808
35.077858438264606,10162,Chino Airport,Chino,USA,CNO,KCNO,33.97470093,-117.637001,650,-8,A,\N,airport,USA,Irvine,USA,Great Park Sports Complex,33.6713,-117.741
43.0596262671172,10169,Madison County Airport,London,USA,\N,KUYF,39.93270111,-83.46199799,1082,-5,A,\N,airport,Ecuador,Columbus,USA,Columbus Crew Performance Centre,39.857,-82.967
37.60428538471716,10360,Half Moon Bay Airport,Half Moon Bay,USA,HAF,KHAF,37.513401031499995,-122.500999451,66,-8,A,\N,airport,Australia,San Francisco Bay Area,USA,Oakland Roots/Soul Training Facility,37.7505,-122.1965
53.86965410939201,10360,Half Moon Bay Airport,Half Moon Bay,USA,HAF,KHAF,37.513401031499995,-122.500999451,66,-8,A,\N,airport,Paraguay,San Francisco Bay Area,USA,Spartan Soccer Complex,37.346,-121.9285
67.05117062197074,11111,Quakertown Airport,Quakertown,USA,UKT,KUKT,40.435199737549,-75.381896972656,526,-5,A,\N,airport,Ivory Coast,Philadelphie,USA,Philadelphia Union,39.8322,-75.3784
15.377801025565189,11153,Peter O Knight Airport,Tampa,USA,TPF,KTPF,27.915599822998,-82.44930267334,8,-5,U,\N,airport,Cape Verde,Tampa,USA,Waters Sportsplex,28.039,-82.52
57.131059094359095,11312,Reid-Hillview Airport of Santa Clara County,San Jose,USA,RHV,KRHV,37.332901001,-121.819000244,135,8,A,\N,airport,Australia,San Francisco Bay Area,USA,Oakland Roots/Soul Training Facility,37.7505,-122.1965
9.78942054727578,11312,Reid-Hillview Airport of Santa Clara County,San Jose,USA,RHV,KRHV,37.332901001,-121.819000244,135,8,A,\N,airport,Paraguay,San Francisco Bay Area,USA,Spartan Soccer Complex,37.346,-121.9285
57.95888235575683,11438,Camarillo Airport,Camarillo - CA,USA,\N,KCMA,34.21369934082031,-119.09400177001952,77,-8,A,\N,airport,Qatar,Santa Barbara,USA,Westmont College,34.4427,-119.661
47.246155443008156,11638,Watsonville Municipal Airport,Watsonville,USA,WVI,KWVI,36.9356994629,-121.790000916,163,-8,A,\N,airport,Paraguay,San Francisco Bay Area,USA,Spartan Soccer Complex,37.346,-121.9285
68.17123844866627,11648,Hollister Municipal Airport,Hollister,USA,HLI,KCVH,36.8932991028,-121.410003662,230,-8,A,\N,airport,Paraguay,San Francisco Bay Area,USA,Spartan Soccer Complex,37.346,-121.9285
60.0895445136121,11722,Squamish Airport,Squamish,Canada,YSE,CYSE,49.7817001343,-123.162002563,171,-8,A,\N,airport,Canada,Vancouver,CAN,National Soccer Development Centre,49.2444,-123.251
52.379854902244844,11742,Union County Airport,Marysville,USA,\N,KMRT,40.224700927734375,-83.35160064697266,1021,-5,A,\N,airport,Ecuador,Columbus,USA,Columbus Crew Performance Centre,39.857,-82.967
12.356234672433754,11828,Davison Army Air Field,Fort Belvoir,USA,DAA,KDAA,38.715000152600005,-77.1809997559,73,\N,\N,\N,airport,Croatia,Alexandria,USA,Episcopal High School,38.808,-77.103
56.78564111389746,11835,San Marcos Regional Airport,San Marcos,USA,\N,KHYI,29.8927,-97.862999,597,\N,\N,\N,airport,Saudi Arabia,Austin,USA,Austin FC Stadium,30.3881,-97.7196
36.2863506763558,11859,Aurora State Airport,Aurora,USA,\N,KUAO,45.247100830078125,-122.7699966430664,200,\N,\N,\N,airport,Jordan,Portland,USA,University of Portland,45.572,-122.7265
9.607631759771788,12090,Vancouver International Seaplane Base,Vancouver,Canada,\N,CAM9,49.177047,-123.168154,0,-8,A,\N,airport,Canada,Vancouver,CAN,National Soccer Development Centre,49.2444,-123.251
66.7143682497937,12185,Tracy Municipal Airport,Tracy,USA,\N,KTCY,37.68899917602539,-121.44200134277344,193,-8,A,\N,airport,Australia,San Francisco Bay Area,USA,Oakland Roots/Soul Training Facility,37.7505,-122.1965
57.407850488877266,12185,Tracy Municipal Airport,Tracy,USA,\N,KTCY,37.68899917602539,-121.44200134277344,193,-8,A,\N,airport,Paraguay,San Francisco Bay Area,USA,Spartan Soccer Complex,37.346,-121.9285
15.308265713094888,12469,Bolton Field,Columbus,USA,\N,KTZR,39.90119934082031,-83.13690185546875,905,4,A,\N,airport,Ecuador,Columbus,USA,Columbus Crew Performance Centre,39.857,-82.967
26.254807650695962,12672,Marion County Brown Field,Jasper,USA,APT,KAPT,35.060699,-85.585297,641,-5,A,\N,airport,Spain,Chattanooga,USA,Baylor School,35.0822,-85.298
32.191094827030454,12796,Danielson Airport,Danielson,USA,\N,KLZD,41.819698333740234,-71.9010009765625,238,-5,A,\N,airport,Ghana,Boston,USA,Bryant University,41.9173,-71.535
11.526089219188739,13022,Harbour (Public) Heliport,Vancouver,Canada,\N,CBC7,49.2868921105,-123.106112257,2,-8,A,\N,airport,Canada,Vancouver,CAN,National Soccer Development Centre,49.2444,-123.251
67.16878051773035,13123,Stanly County Airport,Albemarle,USA,\N,KVUJ,35.416698455811,-80.150802612305,609,-4,A,\N,airport,Scotland,Charlotte,USA,Charlotte FC,35.2253,-80.853
39.43773077277879,13124,Davidson County Airport,Lexington,USA,\N,KEXX,35.78110122680664,-80.30380249023438,733,-4,A,\N,airport,Germany,Winston-Salem,USA,Wake Forest University,36.1352,-80.2789
54.922506834462155,13124,Davidson County Airport,Lexington,USA,\N,KEXX,35.78110122680664,-80.30380249023438,733,-4,A,\N,airport,Norway,Greensboro,USA,UNC Greensboro,36.0688,-79.808
44.259646527993695,13127,Lathan Strip,Mocksville,USA,\N,5NC2,34.87630081176758,-80.61920166015625,575,-4,A,\N,airport,Scotland,Charlotte,USA,Charlotte FC,35.2253,-80.853
59.83219962916335,13137,Blue Ridge Airport,Martinsville,USA,\N,KMTV,36.63069915771485,-80.01830291748047,941,-4,A,\N,airport,Germany,Winston-Salem,USA,Wake Forest University,36.1352,-80.2789
65.25730207930846,13137,Blue Ridge Airport,Martinsville,USA,\N,KMTV,36.63069915771485,-80.01830291748047,941,-4,A,\N,airport,Norway,Greensboro,USA,UNC Greensboro,36.0688,-79.808
43.65070921123579,13138,Mount Airy Surry County Airport,Mount Airy,USA,\N,KMWK,36.45970154,-80.5530014,1249,-4,A,\N,airport,Germany,Winston-Salem,USA,Wake Forest University,36.1352,-80.2789
30.18927617409771,13189,Santa Ynez Airport,Santa Ynez,USA,SQA,KIZA,34.60680008,-120.0759964,674,-8,A,\N,airport,Austria,Goleta,USA,UC Santa Barbara - Harder Stadium,34.4128,-119.8455
42.17051202637585,13189,Santa Ynez Airport,Santa Ynez,USA,SQA,KIZA,34.60680008,-120.0759964,674,-8,A,\N,airport,Qatar,Santa Barbara,USA,Westmont College,34.4427,-119.661
12.303845355179126,13607,John C Tune Airport,Nashville,USA,\N,KJWN,36.18239974975586,-86.88670349121094,495,-5,A,\N,airport,Japan,Nashville,USA,Nashville SC,36.13,-86.766
61.10645786144773,13717,Camp Pendleton MCAS (Munn Field) Airport,Oceanside,USA,\N,KNFG,33.30130005,-117.3550034,78,\N,\N,\N,airport,New Zealand,San Diego,USA,University of San Diego - Torero Stadium,32.77,-117.1875
40.85859879823046,13717,Camp Pendleton MCAS (Munn Field) Airport,Oceanside,USA,\N,KNFG,33.30130005,-117.3550034,78,\N,\N,\N,airport,Switzerland,San Diego,USA,SDJA,32.9481,-117.234
54.535037221324686,13717,Camp Pendleton MCAS (Munn Field) Airport,Oceanside,USA,\N,KNFG,33.30130005,-117.3550034,78,\N,\N,\N,airport,USA,Irvine,USA,Great Park Sports Complex,33.6713,-117.741
64.2925860564699,13758,Granbury Regional Airport,Granbury,USA,\N,KGDJ,32.44440079,-97.81690216,778,-5,A,\N,airport,Czechia,Dallas,USA,Mansfield Multipurpose Stadium,32.555,-97.144
