,team,date_1,date_2,date_3,time_1,time_2,time_3,tz_1,tz_2,tz_3,stadium_1,stadium_2,stadium_3,lat_1,lat_2,lat_3,lon_1,lon_2,lon_3,city_name_1,city_name_2,city_name_3,country_1,country_2,country_3,opponent_1,opponent_2,opponent_3,flights_1_2,flight_distance_1_2,airport_drive_dist_1_2,flights_2_3,flight_distance_2_3,airport_drive_dist_2_3,abs_dist_1_2,abs_dist_2_3
0,Algeria,2026-06-16,2026-06-22,2026-06-27,20:00,20:00,21:00,UTC-5,UTC-7,UTC-5,Arrowhead Stadium,Levi's Stadium,Arrowhead Stadium,39.049,37.403,39.049,-94.484,-121.97,-94.484,Kansas City,Santa Clara,Kansas City,USA,USA,USA,Argentina,Jordan,Austria,3.0,2390.597016188281,64.19833481997368,2.0,2390.597016188281,64.19833481997368,2398.783543282117,2398.783543282117
1,Argentina,2026-06-16,2026-06-22,2026-06-27,20:00,12:00,21:00,UTC-5,UTC-5,UTC-5,Arrowhead Stadium,AT&T Stadium,AT&T Stadium,39.049,32.748,32.748,-94.484,-97.093,-97.093,Kansas City,Dallas,Dallas,USA,USA,USA,Algeria,Austria,Jordan,4.0,741.6552977251807,55.222684874564976,0.0,0.0,,738.9015657321448,0.0
2,Australia,2026-06-13,2026-06-19,2026-06-25,21:00,12:00,19:00,UTC-7,UTC-7,UTC-7,BC Place,Lumen Field,Levi's Stadium,49.277,47.595,37.403,-123.112,-122.332,-121.97,Vancouver,Seattle,Santa Clara,Canada,USA,USA,Türkiye,USA,Paraguay,6.0,145.01381580668908,67.67456777464932,12.0,1081.6950087015855,46.51133417605144,195.67877791401654,1133.6836005317066
3,Austria,2026-06-16,2026-06-22,2026-06-27,21:00,12:00,21:00,UTC-7,UTC-5,UTC-5,Levi's Stadium,AT&T Stadium,Arrowhead Stadium,37.403,32.748,39.049,-121.97,-97.093,-94.484,Santa Clara,Dallas,Kansas City,USA,USA,USA,Jordan,Argentina,Algeria,8.0,2310.2147905513393,51.39507222765872,4.0,741.6552977251807,55.222684874564976,2314.95809591319,738.9015657321448
4,Belgium,2026-06-15,2026-06-21,2026-06-26,12:00,12:00,20:00,UTC-7,UTC-7,UTC-7,Lumen Field,SoFi Stadium,BC Place,47.595,33.953,49.277,-122.332,-118.339,-123.112,Seattle,Inglewood,Vancouver,USA,USA,Canada,Egypt,Iran,New Zealand,14.0,1509.6356444261412,51.55810270694638,8.0,1686.1963577231272,85.37128128713466,1553.1756963235448,1748.6211773261903
5,Bosnia and Herzegovina,2026-06-12,2026-06-18,2026-06-24,15:00,12:00,12:00,UTC-4,UTC-7,UTC-7,BMO Field,SoFi Stadium,Lumen Field,43.633,33.953,47.595,-79.419,-118.339,-122.332,Toronto,Inglewood,Seattle,Canada,USA,USA,Canada,Switzerland,Qatar,5.0,3452.0203314400533,74.08836197354726,14.0,1509.6356444261412,51.55810270694638,3504.4115924053435,1553.1756963235448
6,Brazil,2026-06-13,2026-06-19,2026-06-24,18:00,20:30,18:00,UTC-4,UTC-4,UTC-4,MetLife Stadium,Lincoln Financial Field,Hard Rock Stadium,40.814,39.901,25.958,-74.075,-75.168,-80.239,East Rutherford,Philadelphia,Miami Gardens,USA,USA,USA,Morocco,Haiti,Scotland,7.0,128.84356361715297,57.704636839386794,7.0,1600.6274633053654,51.69086685913774,137.41523711844584,1620.2333867141222
7,Canada,2026-06-12,2026-06-18,2026-06-24,15:00,15:00,12:00,UTC-4,UTC-7,UTC-7,BMO Field,BC Place,BC Place,43.633,49.277,49.277,-79.419,-123.112,-123.112,Toronto,Vancouver,Vancouver,Canada,Canada,Canada,Bosnia and Herzegovina,Qatar,Switzerland,3.0,3345.5122416963595,88.99538402582463,0.0,0.0,,3356.7643289887883,0.0
8,Cape Verde,2026-06-15,2026-06-21,2026-06-26,12:00,18:00,19:00,UTC-4,UTC-4,UTC-5,Mercedes-Benz Stadium,Hard Rock Stadium,NRG Stadium,33.755,25.958,29.685,-84.401,-80.239,-95.411,Atlanta,Miami Gardens,Houston,USA,USA,USA,Spain,Uruguay,Saudi Arabia,20.0,936.4413609033428,30.603624228955525,6.0,1537.827968230056,40.94432277940588,955.1182469676842,1547.1357502689045
9,Colombia,2026-06-17,2026-06-23,2026-06-27,20:00,20:00,19:30,UTC-6,UTC-6,UTC-4,Estadio Azteca,Estadio Akron,Hard Rock Stadium,19.303,20.689,25.958,-99.151,-103.467,-80.239,Mexico City,Zapopan,Miami Gardens,Mexico,Mexico,USA,Uzbekistan,DR Congo,Portugal,5.0,413.03858281305065,55.02838039470088,0.0,2509.815038390885,41.89643481264453,476.5660925454171,2439.293616228491
10,Croatia,2026-06-17,2026-06-23,2026-06-27,15:00,19:00,17:00,UTC-5,UTC-4,UTC-4,AT&T Stadium,BMO Field,Lincoln Financial Field,32.748,43.633,39.901,-97.093,-79.419,-75.168,Dallas,Toronto,Philadelphia,USA,Canada,USA,England,Panama,Ghana,5.0,1928.411126888579,60.06594349724363,4.0,557.9822323316698,73.33463912968575,1955.2438660680677,544.364030773651
11,Curaçao,2026-06-14,2026-06-20,2026-06-25,12:00,19:00,16:00,UTC-5,UTC-5,UTC-4,NRG Stadium,Arrowhead Stadium,Lincoln Financial Field,29.685,39.049,39.901,-95.411,-94.484,-75.168,Houston,Kansas City,Philadelphia,USA,USA,USA,Germany,Ecuador,Ivory Coast,3.0,1037.1619809238491,57.744836427275246,3.0,1666.6625314341672,68.4913805070071,1044.6812689136077,1657.39344457468
12,Czechia,2026-06-11,2026-06-18,2026-06-24,20:00,12:00,19:00,UTC-6,UTC-4,UTC-6,Estadio Akron,Mercedes-Benz Stadium,Estadio Azteca,20.689,33.755,19.303,-103.467,-84.401,-99.151,Zapopan,Atlanta,Mexico City,Mexico,USA,Mexico,Korea Republic,South Africa,Mexico,6.0,2363.848835053402,38.07513887045886,7.0,2143.3945057221927,43.73556981101188,2372.8154198015454,2171.0264152129284
13,DR Congo,2026-06-17,2026-06-23,2026-06-27,12:00,20:00,19:30,UTC-5,UTC-6,UTC-4,NRG Stadium,Estadio Akron,Mercedes-Benz Stadium,29.685,20.689,33.755,-95.411,-103.467,-84.401,Houston,Zapopan,Atlanta,USA,Mexico,USA,Portugal,Colombia,Uzbekistan,1.0,1321.6909306651462,48.41583742090921,6.0,2363.848835053402,38.07513887045886,1286.5752478614622,2372.8154198015454
14,Ecuador,2026-06-14,2026-06-20,2026-06-25,19:00,19:00,16:00,UTC-4,UTC-5,UTC-4,Lincoln Financial Field,Arrowhead Stadium,MetLife Stadium,39.901,39.049,40.814,-75.168,-94.484,-74.075,Philadelphia,Kansas City,East Rutherford,USA,USA,USA,Ivory Coast,Curaçao,Germany,2.0,1666.6625314341672,68.4913805070071,2.0,1753.0123150544423,57.23920379925962,1657.39344457468,1747.213902536305
15,Egypt,2026-06-15,2026-06-21,2026-06-26,12:00,18:00,20:00,UTC-7,UTC-7,UTC-7,Lumen Field,BC Place,Lumen Field,47.595,49.277,47.595,-122.332,-123.112,-122.332,Seattle,Vancouver,Seattle,USA,Canada,USA,Belgium,New Zealand,Iran,7.0,138.56489921645536,67.67456777464932,6.0,145.01381580668908,67.67456777464932,195.67877791401654,195.67877791401654
16,England,2026-06-17,2026-06-23,2026-06-27,15:00,16:00,17:00,UTC-5,UTC-4,UTC-4,AT&T Stadium,Gillette Stadium,MetLife Stadium,32.748,42.091,40.814,-97.093,-71.264,-74.075,Dallas,Foxborough,East Rutherford,USA,USA,USA,Croatia,Ghana,Panama,4.0,2509.268905512098,67.65346319838675,11.0,239.30372436036535,69.6699821230814,2493.5035272311943,273.92290755237013
17,France,2026-06-16,2026-06-22,2026-06-26,15:00,17:00,15:00,UTC-4,UTC-4,UTC-4,MetLife Stadium,Lincoln Financial Field,Gillette Stadium,40.814,39.901,42.091,-74.075,-75.168,-71.264,East Rutherford,Philadelphia,Foxborough,USA,USA,USA,Senegal,Iraq,Norway,7.0,128.84356361715297,57.704636839386794,5.0,382.339694138919,80.92215883082888,137.41523711844584,408.1542502178104
18,Germany,2026-06-14,2026-06-20,2026-06-25,12:00,16:00,16:00,UTC-5,UTC-4,UTC-4,NRG Stadium,BMO Field,MetLife Stadium,29.685,43.633,40.814,-95.411,-79.419,-74.075,Houston,Toronto,East Rutherford,USA,Canada,USA,Curaçao,Ivory Coast,Ecuador,2.0,2060.0815779209825,62.5880950499539,15.0,540.3414184286216,62.08246242193827,2099.703545302651,540.0866900513589
19,Ghana,2026-06-17,2026-06-23,2026-06-27,19:00,16:00,17:00,UTC-4,UTC-4,UTC-4,BMO Field,Gillette Stadium,Lincoln Financial Field,43.633,42.091,39.901,-79.419,-71.264,-75.168,Toronto,Foxborough,Philadelphia,Canada,USA,USA,Panama,England,Croatia,3.0,696.4037078508145,85.29998441338036,5.0,382.339694138919,80.92215883082888,686.1134102051846,408.1542502178104
20,Haiti,2026-06-13,2026-06-19,2026-06-24,21:00,20:30,18:00,UTC-4,UTC-4,UTC-4,Gillette Stadium,Lincoln Financial Field,Mercedes-Benz Stadium,42.091,39.901,33.755,-71.264,-75.168,-84.401,Foxborough,Philadelphia,Atlanta,USA,USA,USA,Scotland,Brazil,Morocco,5.0,382.339694138919,80.92215883082888,10.0,1071.592953109364,47.869570916952064,408.1542502178104,1067.7546014723098
21,Iran,2026-06-15,2026-06-21,2026-06-26,18:00,12:00,20:00,UTC-7,UTC-7,UTC-7,SoFi Stadium,SoFi Stadium,Lumen Field,33.953,33.953,47.595,-118.339,-118.339,-122.332,Inglewood,Inglewood,Seattle,USA,USA,USA,New Zealand,Belgium,Egypt,0.0,0.0,,14.0,1509.6356444261412,51.55810270694638,0.0,1553.1756963235448
22,Iraq,2026-06-16,2026-06-22,2026-06-26,18:00,17:00,15:00,UTC-4,UTC-4,UTC-4,Gillette Stadium,Lincoln Financial Field,BMO Field,42.091,39.901,43.633,-71.264,-75.168,-79.419,Foxborough,Philadelphia,Toronto,USA,USA,Canada,Norway,France,Senegal,5.0,382.339694138919,80.92215883082888,4.0,557.9822323316698,73.33463912968575,408.1542502178104,544.364030773651
23,Ivory Coast,2026-06-14,2026-06-20,2026-06-25,19:00,16:00,16:00,UTC-4,UTC-4,UTC-4,Lincoln Financial Field,BMO Field,Lincoln Financial Field,39.901,43.633,39.901,-75.168,-79.419,-75.168,Philadelphia,Toronto,Philadelphia,USA,Canada,USA,Ecuador,Germany,Curaçao,4.0,557.9822323316698,73.33463912968575,4.0,557.9822323316698,73.33463912968575,544.364030773651,544.364030773651
24,Japan,2026-06-14,2026-06-20,2026-06-25,15:00,22:00,18:00,UTC-5,UTC-6,UTC-5,AT&T Stadium,Estadio BBVA,AT&T Stadium,32.748,25.669,32.748,-97.093,-100.247,-97.093,Dallas,Guadalupe,Dallas,USA,Mexico,USA,Netherlands,Tunisia,Sweden,2.0,845.4441181823062,65.32793448457583,2.0,845.4441181823062,65.32793448457583,844.4368615255888,844.4368615255888
25,Jordan,2026-06-16,2026-06-22,2026-06-27,21:00,20:00,21:00,UTC-7,UTC-7,UTC-5,Levi's Stadium,Levi's Stadium,AT&T Stadium,37.403,37.403,32.748,-121.97,-121.97,-97.093,Santa Clara,Santa Clara,Dallas,USA,USA,USA,Austria,Algeria,Argentina,0.0,0.0,,8.0,2310.2147905513393,51.39507222765872,0.0,2314.95809591319
26,Korea Republic,2026-06-11,2026-06-18,2026-06-24,20:00,19:00,19:00,UTC-6,UTC-6,UTC-6,Estadio Akron,Estadio Akron,Estadio BBVA,20.689,20.689,25.669,-103.467,-103.467,-100.247,Zapopan,Zapopan,Guadalupe,Mexico,Mexico,Mexico,Czechia,Mexico,South Africa,0.0,0.0,,5.0,669.9625552654952,68.80219807052477,0.0,644.1015066916982
27,Mexico,2026-06-11,2026-06-18,2026-06-24,13:00,19:00,19:00,UTC-6,UTC-6,UTC-6,Estadio Azteca,Estadio Akron,Estadio Azteca,19.303,20.689,19.303,-99.151,-103.467,-99.151,Mexico City,Zapopan,Mexico City,Mexico,Mexico,Mexico,South Africa,Korea Republic,Czechia,5.0,413.03858281305065,55.02838039470088,6.0,413.03858281305065,55.02838039470088,476.5660925454171,476.5660925454171
28,Morocco,2026-06-13,2026-06-19,2026-06-24,18:00,18:00,18:00,UTC-4,UTC-4,UTC-4,MetLife Stadium,Gillette Stadium,Mercedes-Benz Stadium,40.814,42.091,33.755,-74.075,-71.264,-84.401,East Rutherford,Foxborough,Atlanta,USA,USA,USA,Brazil,Scotland,Haiti,10.0,257.32609735030684,69.6699821230814,10.0,1453.4222437163287,59.83491620064666,273.92290755237013,1475.8644285538098
29,Netherlands,2026-06-14,2026-06-20,2026-06-25,15:00,12:00,18:00,UTC-5,UTC-5,UTC-5,AT&T Stadium,NRG Stadium,Arrowhead Stadium,32.748,29.685,39.049,-97.093,-95.411,-94.484,Dallas,Houston,Kansas City,USA,USA,USA,Japan,Sweden,Tunisia,8.0,349.0842905807613,44.941573834960295,3.0,1037.1619809238491,57.744836427275246,376.2612542579268,1044.6812689136077
30,New Zealand,2026-06-15,2026-06-21,2026-06-26,18:00,18:00,20:00,UTC-7,UTC-7,UTC-7,SoFi Stadium,BC Place,BC Place,33.953,49.277,49.277,-118.339,-123.112,-123.112,Inglewood,Vancouver,Vancouver,USA,Canada,Canada,Iran,Egypt,Belgium,8.0,1686.1963577231272,85.37128128713466,0.0,0.0,,1748.6211773261903,0.0
31,Norway,2026-06-16,2026-06-22,2026-06-26,18:00,20:00,15:00,UTC-4,UTC-4,UTC-4,Gillette Stadium,MetLife Stadium,Gillette Stadium,42.091,40.814,42.091,-71.264,-74.075,-71.264,Foxborough,East Rutherford,Foxborough,USA,USA,USA,Iraq,Senegal,France,11.0,239.30372436036535,69.6699821230814,10.0,257.32609735030684,69.6699821230814,273.92290755237013,273.92290755237013
32,Panama,2026-06-17,2026-06-23,2026-06-27,19:00,19:00,17:00,UTC-4,UTC-4,UTC-4,BMO Field,BMO Field,MetLife Stadium,43.633,43.633,40.814,-79.419,-79.419,-74.075,Toronto,Toronto,East Rutherford,Canada,Canada,USA,Ghana,Croatia,England,0.0,0.0,,15.0,540.3414184286216,62.08246242193827,0.0,540.0866900513589
33,Paraguay,2026-06-12,2026-06-19,2026-06-25,18:00,20:00,19:00,UTC-7,UTC-7,UTC-7,SoFi Stadium,Levi's Stadium,Levi's Stadium,33.953,37.403,37.403,-118.339,-121.97,-121.97,Inglewood,Santa Clara,Santa Clara,USA,USA,USA,USA,Türkiye,Australia,30.0,476.70097749350543,65.41749070396237,0.0,0.0,,504.6130339075967,0.0
34,Portugal,2026-06-17,2026-06-23,2026-06-27,12:00,12:00,19:30,UTC-5,UTC-5,UTC-4,NRG Stadium,NRG Stadium,Hard Rock Stadium,29.685,29.685,25.958,-95.411,-95.411,-80.239,Houston,Houston,Miami Gardens,USA,USA,USA,DR Congo,Uzbekistan,Colombia,0.0,0.0,,5.0,1537.827968230056,40.94432277940588,0.0,1547.1357502689045
35,Qatar,2026-06-13,2026-06-18,2026-06-24,12:00,15:00,12:00,UTC-7,UTC-7,UTC-7,Levi's Stadium,BC Place,Lumen Field,37.403,49.277,47.595,-121.97,-123.112,-122.332,Santa Clara,Vancouver,Seattle,USA,Canada,USA,Switzerland,Canada,Bosnia and Herzegovina,4.0,1231.359526482237,80.32451275623973,6.0,145.01381580668908,67.67456777464932,1323.512161068749,195.67877791401654
36,Saudi Arabia,2026-06-15,2026-06-21,2026-06-26,18:00,12:00,19:00,UTC-4,UTC-4,UTC-5,Hard Rock Stadium,Mercedes-Benz Stadium,NRG Stadium,25.958,33.755,29.685,-80.239,-84.401,-95.411,Miami Gardens,Atlanta,Houston,USA,USA,USA,Uruguay,Spain,Cape Verde,20.0,936.4413609033428,30.603624228955525,14.0,1107.5625747320166,37.12302683722021,955.1182469676842,1134.634078690825
37,Scotland,2026-06-13,2026-06-19,2026-06-24,21:00,18:00,18:00,UTC-4,UTC-4,UTC-4,Gillette Stadium,Gillette Stadium,Hard Rock Stadium,42.091,42.091,25.958,-71.264,-71.264,-80.239,Foxborough,Foxborough,Miami Gardens,USA,USA,USA,Haiti,Morocco,Brazil,0.0,0.0,,7.0,1916.16830838522,63.65621214283234,0.0,1972.5725361914604
38,Senegal,2026-06-16,2026-06-22,2026-06-26,15:00,20:00,15:00,UTC-4,UTC-4,UTC-4,MetLife Stadium,MetLife Stadium,BMO Field,40.814,40.814,43.633,-74.075,-74.075,-79.419,East Rutherford,East Rutherford,Toronto,USA,USA,Canada,France,Norway,Iraq,0.0,0.0,,16.0,540.3414184286216,62.08246242193827,0.0,540.0866900513589
39,South Africa,2026-06-11,2026-06-18,2026-06-24,13:00,12:00,19:00,UTC-6,UTC-4,UTC-6,Estadio Azteca,Mercedes-Benz Stadium,Estadio BBVA,19.303,33.755,25.669,-99.151,-84.401,-100.247,Mexico City,Atlanta,Guadalupe,Mexico,USA,Mexico,Mexico,Czechia,Korea Republic,8.0,2143.3945057221927,43.73556981101188,6.0,1745.2431573265287,57.50938748683576,2171.0264152129284,1771.7158798638106
40,Spain,2026-06-15,2026-06-21,2026-06-26,12:00,12:00,18:00,UTC-4,UTC-4,UTC-6,Mercedes-Benz Stadium,Mercedes-Benz Stadium,Estadio Akron,33.755,33.755,20.689,-84.401,-84.401,-103.467,Atlanta,Atlanta,Zapopan,USA,USA,Mexico,Cape Verde,Saudi Arabia,Uruguay,0.0,0.0,,6.0,2363.848835053402,38.07513887045886,0.0,2372.8154198015454
41,Sweden,2026-06-14,2026-06-20,2026-06-25,20:00,12:00,18:00,UTC-6,UTC-5,UTC-5,Estadio BBVA,NRG Stadium,AT&T Stadium,25.669,29.685,32.748,-100.247,-95.411,-97.093,Guadalupe,Houston,Dallas,Mexico,USA,USA,Tunisia,Netherlands,Japan,3.0,661.7451323147941,67.85008603728612,8.0,349.0842905807613,44.941573834960295,652.6812490928555,376.2612542579268
42,Switzerland,2026-06-13,2026-06-18,2026-06-24,12:00,12:00,12:00,UTC-7,UTC-7,UTC-7,Levi's Stadium,SoFi Stadium,BC Place,37.403,33.953,49.277,-121.97,-118.339,-123.112,Santa Clara,Inglewood,Vancouver,USA,USA,Canada,Qatar,Bosnia and Herzegovina,Canada,32.0,476.70097749350543,65.41749070396237,8.0,1686.1963577231272,85.37128128713466,504.6130339075967,1748.6211773261903
43,Tunisia,2026-06-14,2026-06-20,2026-06-25,20:00,22:00,18:00,UTC-6,UTC-6,UTC-5,Estadio BBVA,Estadio BBVA,Arrowhead Stadium,25.669,25.669,39.049,-100.247,-100.247,-94.484,Guadalupe,Guadalupe,Kansas City,Mexico,Mexico,USA,Sweden,Japan,Netherlands,0.0,0.0,,0.0,1587.099415907487,78.1311970768908,0.0,1582.248136253961
44,Türkiye,2026-06-13,2026-06-19,2026-06-25,21:00,20:00,19:00,UTC-7,UTC-7,UTC-7,BC Place,Levi's Stadium,SoFi Stadium,49.277,37.403,33.953,-123.112,-121.97,-118.339,Vancouver,Santa Clara,Inglewood,Canada,USA,USA,Australia,Paraguay,USA,4.0,1231.359526482237,80.32451275623973,32.0,476.70097749350543,65.41749070396237,1323.512161068749,504.6130339075967
45,USA,2026-06-12,2026-06-19,2026-06-25,18:00,12:00,19:00,UTC-7,UTC-7,UTC-7,SoFi Stadium,Lumen Field,SoFi Stadium,33.953,47.595,33.953,-118.339,-122.332,-118.339,Inglewood,Seattle,Inglewood,USA,USA,USA,Paraguay,Australia,Türkiye,14.0,1509.6356444261412,51.55810270694638,14.0,1509.6356444261412,51.55810270694638,1553.1756963235448,1553.1756963235448
46,Uruguay,2026-06-15,2026-06-21,2026-06-26,18:00,18:00,18:00,UTC-4,UTC-4,UTC-6,Hard Rock Stadium,Hard Rock Stadium,Estadio Akron,25.958,25.958,20.689,-80.239,-80.239,-103.467,Miami Gardens,Miami Gardens,Zapopan,USA,USA,Mexico,Saudi Arabia,Cape Verde,Spain,0.0,0.0,,0.0,2509.815038390885,41.89643481264453,0.0,2439.293616228491
47,Uzbekistan,2026-06-17,2026-06-23,2026-06-27,20:00,12:00,19:30,UTC-6,UTC-5,UTC-4,Estadio Azteca,NRG Stadium,Mercedes-Benz Stadium,19.303,29.685,33.755,-99.151,-95.411,-84.401,Mexico City,Houston,Atlanta,Mexico,USA,USA,Colombia,Portugal,DR Congo,4.0,1231.678884020729,54.07626836146223,15.0,1107.5625747320166,37.12302683722021,1214.6078051628317,1134.634078690825
