country,opponent,commence_time,venue,p_win,closeness,trends_interest_per_capita,game_weight_for_country
USA,Turkey,2026-06-26T02:00:00Z,away,0.3749759171582426,0.99327277437497,5780000000.0,57411.16635887326
USA,Paraguay,2026-06-13T01:00:00Z,home,0.4761113678687317,0.960062779385906,5780000000.0,55491.628648505364
USA,Australia,2026-06-19T19:00:00Z,home,0.5406783163821635,0.9144454911967268,5780000000.0,52854.949391170805
South Africa,South Korea,2026-06-25T01:00:00Z,home,0.2653344323544163,0.9736495307284996,1380000000.0,13436.363524053295
South Africa,Czech Republic,2026-06-18T16:00:00Z,away,0.2379538198934173,0.962734900772063,1380000000.0,13285.741630654471
Ghana,Panama,2026-06-17T23:00:00Z,home,0.469358349398182,0.9638975657692735,1190000000.0,11470.381032654355
South Africa,Mexico,2026-06-11T19:00:00Z,away,0.1313039107361651,0.8066831362395448,1380000000.0,11132.227280105717
Ghana,Croatia,2026-06-27T21:00:00Z,away,0.1985764180404891,0.9129012987531177,1190000000.0,10863.5254551621
Canada,Switzerland,2026-06-24T19:00:00Z,away,0.2562666395816383,0.9684804209972732,1040000000.0,10072.19637837164
Canada,Bosnia & Herzegovina,2026-06-12T19:00:00Z,home,0.5199690006808263,0.9310115130922966,1040000000.0,9682.519736159886
Mexico,Czech Republic,2026-06-25T01:00:00Z,away,0.469826752857522,0.9626170172651494,896000000.0,8625.048474695739
Ghana,England,2026-06-23T20:00:00Z,away,0.1024482319020266,0.7144241933315857,1190000000.0,8501.64790064587
Mexico,South Korea,2026-06-19T01:00:00Z,home,0.5196874594712428,0.9289380936839552,896000000.0,8323.285319408238
Canada,Qatar,2026-06-18T22:00:00Z,home,0.6864054013321117,0.7511478446932925,1040000000.0,7811.937584810243
Mexico,South Africa,2026-06-11T19:00:00Z,home,0.643253535585145,0.8066831362395448,896000000.0,7227.880900706321
England,Croatia,2026-06-17T20:00:00Z,home,0.5464638854713998,0.910285804715173,627000000.0,5707.491995564134
Brazil,Morocco,2026-06-13T22:00:00Z,home,0.5864466549937726,0.8727022058835693,645000000.0,5628.929227949022
Egypt,Iran,2026-06-27T03:00:00Z,home,0.3896706279390388,0.9935250984928328,530000000.0,5265.683022012014
Brazil,Scotland,2026-06-24T22:00:00Z,away,0.6816529255453908,0.7620564601600168,645000000.0,4915.2641680321085
Egypt,New Zealand,2026-06-22T01:00:00Z,away,0.5483467032087167,0.9074930171798968,530000000.0,4809.712991053453
Egypt,Belgium,2026-06-15T19:00:00Z,away,0.1911165124426053,0.8923289053161562,530000000.0,4729.343198175628
South Korea,Czech Republic,2026-06-12T02:00:00Z,home,0.3535143299899776,0.997461798367622,459000000.0,4578.349654507386
England,Ghana,2026-06-23T20:00:00Z,home,0.7141745052222507,0.7144241933315857,627000000.0,4479.439692189042
South Korea,South Africa,2026-06-25T01:00:00Z,away,0.4486047152735027,0.9736495307284996,459000000.0,4469.051346043813
South Korea,Mexico,2026-06-19T01:00:00Z,away,0.2064150227811407,0.9289380936839552,459000000.0,4263.825850009354
England,Panama,2026-06-27T21:00:00Z,away,0.7756342094531137,0.6165365018763684,627000000.0,3865.6838667648303
Germany,Ecuador,2026-06-25T20:00:00Z,away,0.5641676433995375,0.8949013779760656,420000000.0,3758.5857874994754
Germany,Ivory Coast,2026-06-20T20:00:00Z,home,0.6096030008872192,0.8513609739041146,420000000.0,3575.7160903972813
Turkey,USA,2026-06-26T02:00:00Z,home,0.3458488705707241,0.99327277437497,344000000.0,3416.8583438498968
Turkey,Paraguay,2026-06-20T03:00:00Z,home,0.4197200490873028,0.9848464366238068,344000000.0,3387.871741985895
Australia,Paraguay,2026-06-26T02:00:00Z,away,0.2756692808484375,0.980520385069706,338000000.0,3314.158901535606
Morocco,Scotland,2026-06-19T22:00:00Z,away,0.4548496339240162,0.9693472649828604,333000000.0,3227.926392392925
Turkey,Australia,2026-06-14T04:00:00Z,away,0.5245181012829756,0.9270190720176102,344000000.0,3188.9456077405794
Australia,Turkey,2026-06-14T04:00:00Z,home,0.2106716542873661,0.9270190720176102,338000000.0,3133.3244634195225
Australia,USA,2026-06-19T19:00:00Z,away,0.200982335616973,0.9144454911967268,338000000.0,3090.825760244936
DR Congo,Uzbekistan,2026-06-27T23:30:00Z,home,0.3755529445805952,0.9952095704667656,297000000.0,2955.772424286294
Morocco,Brazil,2026-06-13T22:00:00Z,away,0.1715874761840793,0.8727022058835693,333000000.0,2906.098345592286
Saudi Arabia,Cape Verde,2026-06-27T00:00:00Z,away,0.3790858929909356,0.9940743100832174,288000000.0,2862.9340130396663
Colombia,Portugal,2026-06-27T23:30:00Z,home,0.275348001957514,0.9778908132968446,260000000.0,2542.5161145717957
DR Congo,Colombia,2026-06-24T02:00:00Z,away,0.1364080172733252,0.8229491137887812,297000000.0,2444.1588679526803
Japan,Sweden,2026-06-25T23:00:00Z,home,0.4569385181799715,0.9700610309490458,250000000.0,2425.1525773726144
Morocco,Haiti,2026-06-24T22:00:00Z,home,0.7084548938726489,0.7236875732516449,333000000.0,2409.8796189279774
Japan,Netherlands,2026-06-14T20:00:00Z,away,0.2613987614505042,0.9603331966146872,250000000.0,2400.832991536718
Saudi Arabia,Uruguay,2026-06-15T22:00:00Z,home,0.1466132059284984,0.8273040771552523,288000000.0,2382.6357422071264
Uzbekistan,DR Congo,2026-06-27T23:30:00Z,away,0.3325887670596281,0.9952095704667656,238000000.0,2368.598777710902
Japan,Tunisia,2026-06-21T04:00:00Z,away,0.510453858713173,0.9341000177141868,250000000.0,2335.250044285467
Brazil,Haiti,2026-06-20T01:00:00Z,home,0.9022651994600188,0.3416262160970277,645000000.0,2203.4890938258286
Iraq,Senegal,2026-06-26T19:00:00Z,away,0.1481332422481745,0.8333513543822001,258000000.0,2150.046494306076
Algeria,Austria,2026-06-28T02:00:00Z,home,0.2677557606061063,0.97560934848284,220000000.0,2146.340566662248
Colombia,DR Congo,2026-06-24T02:00:00Z,home,0.6283836753935859,0.8229491137887812,260000000.0,2139.6676958508315
Spain,Uruguay,2026-06-27T00:00:00Z,away,0.5772187356121709,0.8834038776424702,240000000.0,2120.1693063419284
Colombia,Uzbekistan,2026-06-18T02:00:00Z,away,0.6730774525965205,0.770462070772218,260000000.0,2003.2013840077666
DR Congo,Portugal,2026-06-17T17:00:00Z,away,0.08830868042168,0.6607216920574163,297000000.0,1962.3434254105264
Algeria,Jordan,2026-06-23T03:00:00Z,away,0.5725276856034155,0.8859016500337069,220000000.0,1948.9836300741554
Uzbekistan,Colombia,2026-06-18T02:00:00Z,home,0.1191849920201558,0.770462070772218,238000000.0,1833.6997284378788
France,Norway,2026-06-26T19:00:00Z,away,0.5527451729194611,0.9040815926006152,201000000.0,1817.2040011272366
Algeria,Argentina,2026-06-17T01:00:00Z,away,0.1139427869531362,0.765125963356679,220000000.0,1683.2771193846938
Argentina,Austria,2026-06-22T17:00:00Z,home,0.5711940517420082,0.8859275125000925,188000000.0,1665.5437235001739
Iraq,Norway,2026-06-16T22:00:00Z,home,0.0806385247268436,0.6305429011823727,258000000.0,1626.8006850505215
France,Senegal,2026-06-16T19:00:00Z,home,0.654197293796388,0.7972968356585639,201000000.0,1602.5666396737136
Uzbekistan,Portugal,2026-06-23T17:00:00Z,away,0.0713129478603195,0.605193793141346,238000000.0,1440.3612276764036
Argentina,Algeria,2026-06-17T01:00:00Z,home,0.6754669028227119,0.765125963356679,188000000.0,1438.4368111105566
Saudi Arabia,Spain,2026-06-21T16:00:00Z,away,0.0397611980332001,0.4555141274595816,288000000.0,1311.880687083595
Ecuador,Ivory Coast,2026-06-14T23:00:00Z,away,0.415271174952272,0.9848465937826232,129500000.0,1275.376338948497
Iraq,France,2026-06-22T21:00:00Z,away,0.0406629841600025,0.4731390617623585,258000000.0,1220.698779346885
Germany,Curaçao,2026-06-14T17:00:00Z,home,0.9261708245322884,0.2782237410495119,420000000.0,1168.53971240795
Ecuador,Germany,2026-06-25T20:00:00Z,home,0.1890471395427665,0.8949013779760656,129500000.0,1158.897284479005
Spain,Saudi Arabia,2026-06-21T16:00:00Z,home,0.8543677467163934,0.4555141274595816,240000000.0,1093.2339059029957
Argentina,Jordan,2026-06-28T02:00:00Z,away,0.7998907619613276,0.5734496159709885,188000000.0,1078.0852780254584
Netherlands,Japan,2026-06-14T20:00:00Z,home,0.4762831172345732,0.9603331966146872,105000000.0,1008.3498564454216
Spain,Cape Verde,2026-06-15T16:00:00Z,home,0.8760132156128039,0.4073975781286083,240000000.0,977.7541875086598
France,Iraq,2026-06-22T21:00:00Z,home,0.8453445907015865,0.4731390617623585,201000000.0,951.0095141423405
Netherlands,Sweden,2026-06-20T17:00:00Z,home,0.5674881002407284,0.8922434068419883,105000000.0,936.8555771840878
Portugal,Colombia,2026-06-27T23:30:00Z,away,0.4392895736973927,0.9778908132968446,94500000.0,924.1068185655181
Iran,Egypt,2026-06-27T03:00:00Z,away,0.2984054028835133,0.9935250984928328,91000000.0,904.1078396284778
Netherlands,Tunisia,2026-06-25T23:00:00Z,away,0.6091642181416849,0.8488460651185701,105000000.0,891.2883683744986
New Zealand,Iran,2026-06-16T01:00:00Z,away,0.2201296266491334,0.9395625182202948,93600000.0,879.430517054196
Iran,New Zealand,2026-06-16T01:00:00Z,home,0.5065622077623214,0.9395625182202948,91000000.0,855.0018915804683
Senegal,Norway,2026-06-23T00:00:00Z,away,0.2715832680706564,0.9735362766185184,87500000.0,851.8442420412035
New Zealand,Egypt,2026-06-22T01:00:00Z,home,0.1938457894213087,0.9074930171798968,93600000.0,849.4134640803835
Ivory Coast,Ecuador,2026-06-14T23:00:00Z,home,0.2678478558194909,0.9848465937826232,84000000.0,827.2711387774035
Ecuador,Curaçao,2026-06-21T00:00:00Z,home,0.7621264346688921,0.6351646333335227,129500000.0,822.5382001669119
Tunisia,Sweden,2026-06-15T02:00:00Z,away,0.2303034278712717,0.95151574087613,84000000.0,799.2732223359492
Tunisia,Japan,2026-06-21T04:00:00Z,home,0.2063945122249603,0.9341000177141868,84000000.0,784.6440148799169
Qatar,Bosnia & Herzegovina,2026-06-24T19:00:00Z,away,0.1876878971913115,0.9046642994229948,83200000.0,752.6806971199316
Senegal,Iraq,2026-06-26T19:00:00Z,home,0.6226511938281983,0.8333513543822001,87500000.0,729.182435084425
Iran,Belgium,2026-06-21T19:00:00Z,away,0.1276951676521056,0.7872954340641494,91000000.0,716.4388449983759
Ivory Coast,Germany,2026-06-20T20:00:00Z,away,0.1665755881080135,0.8513609739041146,84000000.0,715.1432180794562
Tunisia,Netherlands,2026-06-25T23:00:00Z,home,0.1573218135483119,0.8488460651185701,84000000.0,713.0306946995988
Sweden,Japan,2026-06-25T23:00:00Z,away,0.2654862663114107,0.9700610309490458,73500000.0,712.9948577475486
Sweden,Tunisia,2026-06-15T02:00:00Z,home,0.4876717327725951,0.95151574087613,73500000.0,699.3640695439557
Senegal,France,2026-06-16T19:00:00Z,away,0.1345417421605756,0.7972968356585639,87500000.0,697.6347312012434
Switzerland,Canada,2026-06-24T19:00:00Z,home,0.4590842483462938,0.9684804209972732,69600000.0,674.0623730141021
Sweden,Netherlands,2026-06-20T17:00:00Z,away,0.1884899093846842,0.8922434068419883,73500000.0,655.7989040288614
New Zealand,Belgium,2026-06-27T03:00:00Z,home,0.0965700992794248,0.6785819450862292,93600000.0,635.1527006007105
Czech Republic,South Korea,2026-06-12T02:00:00Z,away,0.3478887631404389,0.997461798367622,63000000.0,628.4009329716018
Qatar,Canada,2026-06-18T22:00:00Z,away,0.11014402169332,0.7511478446932925,83200000.0,624.9550067848194
Portugal,DR Congo,2026-06-17T17:00:00Z,home,0.7492260406717617,0.6607216920574163,94500000.0,624.3819989942583
Jordan,Algeria,2026-06-23T03:00:00Z,home,0.1791288177333712,0.8859016500337069,70000000.0,620.1311550235948
Belgium,Egypt,2026-06-15T19:00:00Z,home,0.5681323173991291,0.8923289053161562,69000000.0,615.7069446681478
Czech Republic,South Africa,2026-06-18T16:00:00Z,home,0.4662980955211586,0.962734900772063,63000000.0,606.5229874863998
Czech Republic,Mexico,2026-06-25T01:00:00Z,home,0.2467425452655173,0.9626170172651494,63000000.0,606.4487208770441
Ivory Coast,Curaçao,2026-06-25T20:00:00Z,away,0.7156413411965213,0.7114477822386777,84000000.0,597.6161370804892
Switzerland,Bosnia & Herzegovina,2026-06-18T19:00:00Z,home,0.6059795378427127,0.8523975357822409,69600000.0,593.2686849044396
Scotland,Morocco,2026-06-19T22:00:00Z,home,0.2492577300285842,0.9693472649828604,60500000.0,586.4550953146305
Portugal,Uzbekistan,2026-06-23T17:00:00Z,home,0.780376966659271,0.605193793141346,94500000.0,571.9081345185721
Qatar,Switzerland,2026-06-13T19:00:00Z,home,0.0882319975482674,0.670026150228556,83200000.0,557.4617569901586
Bosnia & Herzegovina,Canada,2026-06-12T19:00:00Z,away,0.2167389790196351,0.9310115130922966,59400000.0,553.0208387768241
Belgium,Iran,2026-06-21T19:00:00Z,home,0.660997075836671,0.7872954340641494,69000000.0,543.233849504263
Bosnia & Herzegovina,Qatar,2026-06-24T19:00:00Z,home,0.5499507294609177,0.9046642994229948,59400000.0,537.3705938572589
Haiti,Scotland,2026-06-14T01:00:00Z,home,0.1312833781709722,0.7838717264475732,68400000.0,536.1682608901401
Bosnia & Herzegovina,Switzerland,2026-06-18T19:00:00Z,away,0.1595345563272411,0.8523975357822409,59400000.0,506.3241362546511
Jordan,Austria,2026-06-17T04:00:00Z,away,0.1095706714170941,0.7224298025551159,70000000.0,505.70086178858116
Haiti,Morocco,2026-06-24T22:00:00Z,away,0.1067748914087584,0.7236875732516449,68400000.0,495.00230010412514
Scotland,Haiti,2026-06-14T01:00:00Z,away,0.6656778998963142,0.7838717264475732,60500000.0,474.24239450078176
Belgium,New Zealand,2026-06-27T03:00:00Z,away,0.7393917584828956,0.6785819450862292,69000000.0,468.2215421094981
Panama,Ghana,2026-06-17T23:00:00Z,away,0.2594202712449828,0.9638975657692735,48400000.0,466.52642183232837
Switzerland,Qatar,2026-06-13T19:00:00Z,away,0.7423929325499605,0.670026150228556,69600000.0,466.338200559075
Scotland,Brazil,2026-06-24T22:00:00Z,home,0.1213506675408487,0.7620564601600168,60500000.0,461.04415839681013
Austria,Algeria,2026-06-28T02:00:00Z,away,0.4441337454413406,0.97560934848284,45000000.0,439.02420681727796
Paraguay,Turkey,2026-06-20T03:00:00Z,away,0.2786329308903773,0.9848464366238068,42000000.0,413.63550338199883
Paraguay,Australia,2026-06-26T02:00:00Z,home,0.4323114425035614,0.980520385069706,42000000.0,411.8185617292765
Paraguay,USA,2026-06-13T01:00:00Z,away,0.2517021881089473,0.960062779385906,42000000.0,403.22636734208055
Jordan,Argentina,2026-06-28T02:00:00Z,home,0.069852940267042,0.5734496159709885,70000000.0,401.414731179692
Panama,Croatia,2026-06-23T23:00:00Z,home,0.1407772059625521,0.8272613519351831,48400000.0,400.3944943366286
Austria,Argentina,2026-06-22T17:00:00Z,away,0.1760154698767063,0.8859275125000925,45000000.0,398.66738062504163
Norway,Senegal,2026-06-23T00:00:00Z,home,0.449558089773376,0.9735362766185184,38500000.0,374.8114664981296
Norway,France,2026-06-26T19:00:00Z,home,0.192485163317879,0.9040815926006152,38500000.0,348.07141315123687
Croatia,Ghana,2026-06-27T21:00:00Z,home,0.5421329005144228,0.9129012987531177,36000000.0,328.6444675511223
Croatia,England,2026-06-17T20:00:00Z,away,0.2001177012935424,0.910285804715173,36000000.0,327.70288969746224
Austria,Jordan,2026-06-17T04:00:00Z,home,0.7105460123583158,0.7224298025551159,45000000.0,325.0934111498022
Panama,England,2026-06-27T21:00:00Z,home,0.0780333562283418,0.6165365018763684,48400000.0,298.40366690816234
Croatia,Panama,2026-06-23T23:00:00Z,away,0.6259018993254886,0.8272613519351831,36000000.0,297.8140866966659
Norway,Iraq,2026-06-16T22:00:00Z,away,0.7672700441709484,0.6305429011823727,38500000.0,242.75901695521347
Haiti,Brazil,2026-06-20T01:00:00Z,away,0.0246882836935672,0.3416262160970277,68400000.0,233.67233181036696
Uruguay,Spain,2026-06-27T00:00:00Z,home,0.1834453216576465,0.8834038776424702,20400000.0,180.21439103906394
Uruguay,Saudi Arabia,2026-06-15T22:00:00Z,away,0.6285572477089322,0.8273040771552523,20400000.0,168.77003173967148
Uruguay,Cape Verde,2026-06-21T22:00:00Z,home,0.6533966521117216,0.7970538613210656,20400000.0,162.59898770949738
Curaçao,Ivory Coast,2026-06-25T20:00:00Z,home,0.1003008043429028,0.7114477822386777,5735000.0,40.80153031138816
Curaçao,Ecuador,2026-06-21T00:00:00Z,away,0.076209311183934,0.6351646333335227,5735000.0,36.42669172167752
Curaçao,Germany,2026-06-14T17:00:00Z,away,0.0191179987471047,0.2782237410495119,5735000.0,15.956131549189507
Cape Verde,Saudi Arabia,2026-06-27T00:00:00Z,home,0.334715669565266,0.9940743100832174,580000.0,5.765630998482661
Cape Verde,Uruguay,2026-06-21T22:00:00Z,away,0.1320533825842006,0.7970538613210656,580000.0,4.622912395662181
Cape Verde,Spain,2026-06-15T16:00:00Z,away,0.0339452023859962,0.4073975781286083,580000.0,2.362905953145928
