pm_label,opponent,match,start_date,pm_volume_usd,pm_volume_24h_usd,pm_p_win,country,trends_interest_local,pm_volume_norm,trends_norm
LoL: Dplus KIA,Hanwha Life Esports (BO5) - Esports World Cup Korea Qualifier Playoffs,LoL: Dplus KIA vs Hanwha Life Esports (BO5) - Esports World Cup Korea Qualifier Playoffs,2026-05-25T13:35:55.496569Z,3994967.026556996,0.0,,LoL: Dplus KIA,,1.0,0.0
Hanwha Life Esports (BO5) - Esports World Cup Korea Qualifier Playoffs,LoL: Dplus KIA,LoL: Dplus KIA vs Hanwha Life Esports (BO5) - Esports World Cup Korea Qualifier Playoffs,2026-05-25T13:35:55.496569Z,3994967.026556996,0.0,,Hanwha Life Esports (BO5) - Esports World Cup Korea Qualifier Playoffs,,1.0,0.0
LoL: Dplus KIA,T1 (BO5) - Esports World Cup Korea Qualifier Playoffs,LoL: Dplus KIA vs T1 (BO5) - Esports World Cup Korea Qualifier Playoffs,2026-05-12T14:50:20.928443Z,3916955.676382,4759.65,,LoL: Dplus KIA,,0.9804725922250654,0.0
T1 (BO5) - Esports World Cup Korea Qualifier Playoffs,LoL: Dplus KIA,LoL: Dplus KIA vs T1 (BO5) - Esports World Cup Korea Qualifier Playoffs,2026-05-12T14:50:20.928443Z,3916955.676382,4759.65,,T1 (BO5) - Esports World Cup Korea Qualifier Playoffs,,0.9804725922250654,0.0
LoL: Bilibili Gaming,JD Gaming (BO3) - Esports World Cup China Qualifier Phase 2,LoL: Bilibili Gaming vs JD Gaming (BO3) - Esports World Cup China Qualifier Phase 2,2026-03-31T21:26:31.390637Z,3174078.665070999,5.06,,LoL: Bilibili Gaming,,0.7945193649837285,0.0
JD Gaming (BO3) - Esports World Cup China Qualifier Phase 2,LoL: Bilibili Gaming,LoL: Bilibili Gaming vs JD Gaming (BO3) - Esports World Cup China Qualifier Phase 2,2026-03-31T21:26:31.390637Z,3174078.665070999,5.06,,JD Gaming (BO3) - Esports World Cup China Qualifier Phase 2,,0.7945193649837285,0.0
LoL: Nongshim Red Force,Hanwha Life Esports (BO3) - Esports World Cup Korea Qualifier Playoffs,LoL: Nongshim Red Force vs Hanwha Life Esports (BO3) - Esports World Cup Korea Qualifier Playoffs,2026-05-19T13:16:08.264633Z,2270454.8487430015,28013.179999999993,,LoL: Nongshim Red Force,,0.5683288081353102,0.0
Hanwha Life Esports (BO3) - Esports World Cup Korea Qualifier Playoffs,LoL: Nongshim Red Force,LoL: Nongshim Red Force vs Hanwha Life Esports (BO3) - Esports World Cup Korea Qualifier Playoffs,2026-05-19T13:16:08.264633Z,2270454.8487430015,28013.179999999993,,Hanwha Life Esports (BO3) - Esports World Cup Korea Qualifier Playoffs,,0.5683288081353102,0.0
LoL: Invictus Gaming,Top Esports (BO3) - Esports World Cup China Qualifier Phase 2,LoL: Invictus Gaming vs Top Esports (BO3) - Esports World Cup China Qualifier Phase 2,2026-03-30T21:46:50.695328Z,1886992.5383359992,0.0,,LoL: Invictus Gaming,,0.47234245634369504,0.0
Top Esports (BO3) - Esports World Cup China Qualifier Phase 2,LoL: Invictus Gaming,LoL: Invictus Gaming vs Top Esports (BO3) - Esports World Cup China Qualifier Phase 2,2026-03-30T21:46:50.695328Z,1886992.5383359992,0.0,,Top Esports (BO3) - Esports World Cup China Qualifier Phase 2,,0.47234245634369504,0.0
LoL: Hanwha Life Esports,Dplus KIA (BO3) - Esports World Cup Korea Qualifier Playoffs,LoL: Hanwha Life Esports vs Dplus KIA (BO3) - Esports World Cup Korea Qualifier Playoffs,2026-05-06T00:00:50.568321Z,1788323.1637299974,0.0,,LoL: Hanwha Life Esports,,0.44764403606886277,0.0
Dplus KIA (BO3) - Esports World Cup Korea Qualifier Playoffs,LoL: Hanwha Life Esports,LoL: Hanwha Life Esports vs Dplus KIA (BO3) - Esports World Cup Korea Qualifier Playoffs,2026-05-06T00:00:50.568321Z,1788323.1637299974,0.0,,Dplus KIA (BO3) - Esports World Cup Korea Qualifier Playoffs,,0.44764403606886277,0.0
LoL: Bilibili Gaming,Invictus Gaming (BO3) - Esports World Cup China Qualifier Phase 2,LoL: Bilibili Gaming vs Invictus Gaming (BO3) - Esports World Cup China Qualifier Phase 2,2026-04-15T00:02:45.64661Z,1620882.1359560017,0.0,,LoL: Bilibili Gaming,,0.4057310423793248,0.0
Invictus Gaming (BO3) - Esports World Cup China Qualifier Phase 2,LoL: Bilibili Gaming,LoL: Bilibili Gaming vs Invictus Gaming (BO3) - Esports World Cup China Qualifier Phase 2,2026-04-15T00:02:45.64661Z,1620882.1359560017,0.0,,Invictus Gaming (BO3) - Esports World Cup China Qualifier Phase 2,,0.4057310423793248,0.0
DN SOOPers (BO3) - Esports World Cup Korea Qualifier Playoffs,LoL: Hanwha Life Esports,LoL: Hanwha Life Esports vs DN SOOPers (BO3) - Esports World Cup Korea Qualifier Playoffs,2026-05-04T15:01:12.821686Z,1106740.2935580001,0.0,,DN SOOPers (BO3) - Esports World Cup Korea Qualifier Playoffs,,0.27703364913923406,0.0
LoL: Hanwha Life Esports,DN SOOPers (BO3) - Esports World Cup Korea Qualifier Playoffs,LoL: Hanwha Life Esports vs DN SOOPers (BO3) - Esports World Cup Korea Qualifier Playoffs,2026-05-04T15:01:12.821686Z,1106740.2935580001,0.0,,LoL: Hanwha Life Esports,,0.27703364913923406,0.0
LoL: Team WE,Oh My God (BO3) - Esports World Cup China Qualifier Phase 2,LoL: Team WE vs Oh My God (BO3) - Esports World Cup China Qualifier Phase 2,2026-03-31T21:28:26.935011Z,1081102.7129920002,0.0,,LoL: Team WE,,0.2706161792588643,0.0
Oh My God (BO3) - Esports World Cup China Qualifier Phase 2,LoL: Team WE,LoL: Team WE vs Oh My God (BO3) - Esports World Cup China Qualifier Phase 2,2026-03-31T21:28:26.935011Z,1081102.7129920002,0.0,,Oh My God (BO3) - Esports World Cup China Qualifier Phase 2,,0.2706161792588643,0.0
LoL: Weibo Gaming,Invictus Gaming (BO3) - Esports World Cup China Qualifier Phase 2,LoL: Weibo Gaming vs Invictus Gaming (BO3) - Esports World Cup China Qualifier Phase 2,2026-03-26T17:55:30.525243Z,1035870.3883729989,0.0,,LoL: Weibo Gaming,,0.25929385186083714,0.0
Invictus Gaming (BO3) - Esports World Cup China Qualifier Phase 2,LoL: Weibo Gaming,LoL: Weibo Gaming vs Invictus Gaming (BO3) - Esports World Cup China Qualifier Phase 2,2026-03-26T17:55:30.525243Z,1035870.3883729989,0.0,,Invictus Gaming (BO3) - Esports World Cup China Qualifier Phase 2,,0.25929385186083714,0.0
LoL: Weibo Gaming,Bilibili Gaming (BO3) - Esports World Cup China Qualifier Phase 2,LoL: Weibo Gaming vs Bilibili Gaming (BO3) - Esports World Cup China Qualifier Phase 2,2026-04-21T00:07:10.056737Z,956421.8243409997,0.0,,LoL: Weibo Gaming,,0.2394066879608961,0.0
Bilibili Gaming (BO3) - Esports World Cup China Qualifier Phase 2,LoL: Weibo Gaming,LoL: Weibo Gaming vs Bilibili Gaming (BO3) - Esports World Cup China Qualifier Phase 2,2026-04-21T00:07:10.056737Z,956421.8243409997,0.0,,Bilibili Gaming (BO3) - Esports World Cup China Qualifier Phase 2,,0.2394066879608961,0.0
LoL: SK Gaming,Galions (BO3) - Esports World Cup EMEA Qualifier Playoffs,LoL: SK Gaming vs Galions (BO3) - Esports World Cup EMEA Qualifier Playoffs,2026-04-29T19:18:46.938503Z,769253.8627409998,0.0,,LoL: SK Gaming,,0.19255574767633812,0.0
Galions (BO3) - Esports World Cup EMEA Qualifier Playoffs,LoL: SK Gaming,LoL: SK Gaming vs Galions (BO3) - Esports World Cup EMEA Qualifier Playoffs,2026-04-29T19:18:46.938503Z,769253.8627409998,0.0,,Galions (BO3) - Esports World Cup EMEA Qualifier Playoffs,,0.19255574767633812,0.0
LoL: LYON,FlyQuest (BO3) - Esports World Cup North America Qualifier Playoffs,LoL: LYON vs FlyQuest (BO3) - Esports World Cup North America Qualifier Playoffs,2026-04-15T02:51:08.961371Z,661192.4620219995,0.0,,LoL: LYON,,0.16550636278763947,0.0
FlyQuest (BO3) - Esports World Cup North America Qualifier Playoffs,LoL: LYON,LoL: LYON vs FlyQuest (BO3) - Esports World Cup North America Qualifier Playoffs,2026-04-15T02:51:08.961371Z,661192.4620219995,0.0,,FlyQuest (BO3) - Esports World Cup North America Qualifier Playoffs,,0.16550636278763947,0.0
LoL: Team Liquid,FlyQuest (BO3) - Esports World Cup North America Qualifier Playoffs,LoL: Team Liquid vs FlyQuest (BO3) - Esports World Cup North America Qualifier Playoffs,2026-04-14T08:52:20.637195Z,635577.5925020004,0.0,,LoL: Team Liquid,,0.15909457782177583,0.0
FlyQuest (BO3) - Esports World Cup North America Qualifier Playoffs,LoL: Team Liquid,LoL: Team Liquid vs FlyQuest (BO3) - Esports World Cup North America Qualifier Playoffs,2026-04-14T08:52:20.637195Z,635577.5925020004,0.0,,FlyQuest (BO3) - Esports World Cup North America Qualifier Playoffs,,0.15909457782177583,0.0
LoL: ThunderTalk Gaming,LGD Gaming (BO3) - Esports World Cup China Qualifier Phase 1,LoL: ThunderTalk Gaming vs LGD Gaming (BO3) - Esports World Cup China Qualifier Phase 1,2026-03-26T14:46:07.062262Z,533996.361879,0.0,,LoL: ThunderTalk Gaming,,0.13366727643287132,0.0
LGD Gaming (BO3) - Esports World Cup China Qualifier Phase 1,LoL: ThunderTalk Gaming,LoL: ThunderTalk Gaming vs LGD Gaming (BO3) - Esports World Cup China Qualifier Phase 1,2026-03-26T14:46:07.062262Z,533996.361879,0.0,,LGD Gaming (BO3) - Esports World Cup China Qualifier Phase 1,,0.13366727643287132,0.0
Disguised (BO3) - Esports World Cup North America Qualifier Playoffs,LoL: Dignitas,LoL: Dignitas vs Disguised (BO3) - Esports World Cup North America Qualifier Playoffs,2026-04-16T06:42:34.394955Z,356557.964403,0.0,,Disguised (BO3) - Esports World Cup North America Qualifier Playoffs,,0.08925179157493429,0.0
LoL: Dignitas,Disguised (BO3) - Esports World Cup North America Qualifier Playoffs,LoL: Dignitas vs Disguised (BO3) - Esports World Cup North America Qualifier Playoffs,2026-04-16T06:42:34.394955Z,356557.964403,0.0,,LoL: Dignitas,,0.08925179157493429,0.0
Shopify Rebellion (BO3) - Esports World Cup North America Qualifier Playoffs,LoL: LYON,LoL: LYON vs Shopify Rebellion (BO3) - Esports World Cup North America Qualifier Playoffs,2026-04-14T08:52:12.072117Z,154395.92644900008,0.0,,Shopify Rebellion (BO3) - Esports World Cup North America Qualifier Playoffs,,0.03864760971057725,0.0
LoL: LYON,Shopify Rebellion (BO3) - Esports World Cup North America Qualifier Playoffs,LoL: LYON vs Shopify Rebellion (BO3) - Esports World Cup North America Qualifier Playoffs,2026-04-14T08:52:12.072117Z,154395.92644900008,0.0,,LoL: LYON,,0.03864760971057725,0.0
LoL: CTBC Flying Oyster,Deep Cross Gaming (BO3) - Esports World Cup Asia-Pacific Qualifier Playoffs,LoL: CTBC Flying Oyster vs Deep Cross Gaming (BO3) - Esports World Cup Asia-Pacific Qualifier Playoffs,2026-05-12T16:48:25.236761Z,122553.21526599998,0.0,,LoL: CTBC Flying Oyster,,0.030676902825808972,0.0
Deep Cross Gaming (BO3) - Esports World Cup Asia-Pacific Qualifier Playoffs,LoL: CTBC Flying Oyster,LoL: CTBC Flying Oyster vs Deep Cross Gaming (BO3) - Esports World Cup Asia-Pacific Qualifier Playoffs,2026-05-12T16:48:25.236761Z,122553.21526599998,0.0,,Deep Cross Gaming (BO3) - Esports World Cup Asia-Pacific Qualifier Playoffs,,0.030676902825808972,0.0
LoL: Ground Zero Gaming,CTBC Flying Oyster (BO3) - Esports World Cup Asia-Pacific Qualifier Playoffs,LoL: Ground Zero Gaming vs CTBC Flying Oyster (BO3) - Esports World Cup Asia-Pacific Qualifier Playoffs,2026-05-05T19:20:33.329965Z,71597.48533100003,0.0,,LoL: Ground Zero Gaming,,0.017921921471453363,0.0
CTBC Flying Oyster (BO3) - Esports World Cup Asia-Pacific Qualifier Playoffs,LoL: Ground Zero Gaming,LoL: Ground Zero Gaming vs CTBC Flying Oyster (BO3) - Esports World Cup Asia-Pacific Qualifier Playoffs,2026-05-05T19:20:33.329965Z,71597.48533100003,0.0,,CTBC Flying Oyster (BO3) - Esports World Cup Asia-Pacific Qualifier Playoffs,,0.017921921471453363,0.0
Valorant: Leviatán Esports,MIBR (BO5) - Esports World Cup Americas Qualifier Stage 2,Valorant: Leviatán Esports vs MIBR (BO5) - Esports World Cup Americas Qualifier Stage 2,2026-05-28T05:09:21.510132Z,70997.46095299996,70997.46095299999,,Valorant: Leviatán Esports,,0.017771726394995576,0.0
MIBR (BO5) - Esports World Cup Americas Qualifier Stage 2,Valorant: Leviatán Esports,Valorant: Leviatán Esports vs MIBR (BO5) - Esports World Cup Americas Qualifier Stage 2,2026-05-28T05:09:21.510132Z,70997.46095299996,70997.46095299999,,MIBR (BO5) - Esports World Cup Americas Qualifier Stage 2,,0.017771726394995576,0.0
LoL: Fukuoka SoftBank Hawks Gaming,MVK Esports (BO3) - Esports World Cup Asia-Pacific Qualifier Playoffs,LoL: Fukuoka SoftBank Hawks Gaming vs MVK Esports (BO3) - Esports World Cup Asia-Pacific Qualifier Playoffs,2026-05-05T19:18:03.802901Z,59707.752058,0.0,,LoL: Fukuoka SoftBank Hawks Gaming,,0.014945743396900637,0.0
MVK Esports (BO3) - Esports World Cup Asia-Pacific Qualifier Playoffs,LoL: Fukuoka SoftBank Hawks Gaming,LoL: Fukuoka SoftBank Hawks Gaming vs MVK Esports (BO3) - Esports World Cup Asia-Pacific Qualifier Playoffs,2026-05-05T19:18:03.802901Z,59707.752058,0.0,,MVK Esports (BO3) - Esports World Cup Asia-Pacific Qualifier Playoffs,,0.014945743396900637,0.0
LoL: Fukuoka SoftBank Hawks Gaming,CTBC Flying Oyster (BO3) - Esports World Cup Asia-Pacific Qualifier Playoffs,LoL: Fukuoka SoftBank Hawks Gaming vs CTBC Flying Oyster (BO3) - Esports World Cup Asia-Pacific Qualifier Playoffs,2026-05-06T15:48:19.019279Z,59643.20313699997,0.0,,LoL: Fukuoka SoftBank Hawks Gaming,,0.014929585836507539,0.0
CTBC Flying Oyster (BO3) - Esports World Cup Asia-Pacific Qualifier Playoffs,LoL: Fukuoka SoftBank Hawks Gaming,LoL: Fukuoka SoftBank Hawks Gaming vs CTBC Flying Oyster (BO3) - Esports World Cup Asia-Pacific Qualifier Playoffs,2026-05-06T15:48:19.019279Z,59643.20313699997,0.0,,CTBC Flying Oyster (BO3) - Esports World Cup Asia-Pacific Qualifier Playoffs,,0.014929585836507539,0.0
LoL: MVK Esports,Ground Zero Gaming (BO3) - Esports World Cup Asia-Pacific Qualifier Playoffs,LoL: MVK Esports vs Ground Zero Gaming (BO3) - Esports World Cup Asia-Pacific Qualifier Playoffs,2026-05-06T15:51:12.298653Z,57166.698629999984,0.0,,LoL: MVK Esports,,0.014309679716998381,0.0
Ground Zero Gaming (BO3) - Esports World Cup Asia-Pacific Qualifier Playoffs,LoL: MVK Esports,LoL: MVK Esports vs Ground Zero Gaming (BO3) - Esports World Cup Asia-Pacific Qualifier Playoffs,2026-05-06T15:51:12.298653Z,57166.698629999984,0.0,,Ground Zero Gaming (BO3) - Esports World Cup Asia-Pacific Qualifier Playoffs,,0.014309679716998381,0.0
MVK Esports (BO3) - Esports World Cup Asia-Pacific Qualifier Playoffs,LoL: GAM Esports,LoL: GAM Esports vs MVK Esports (BO3) - Esports World Cup Asia-Pacific Qualifier Playoffs,2026-05-12T16:48:25.699326Z,46604.87491200002,0.0,,MVK Esports (BO3) - Esports World Cup Asia-Pacific Qualifier Playoffs,,0.011665897265781879,0.0
LoL: GAM Esports,MVK Esports (BO3) - Esports World Cup Asia-Pacific Qualifier Playoffs,LoL: GAM Esports vs MVK Esports (BO3) - Esports World Cup Asia-Pacific Qualifier Playoffs,2026-05-12T16:48:25.699326Z,46604.87491200002,0.0,,LoL: GAM Esports,,0.011665897265781879,0.0
LoL: DetonatioN FocusMe,Deep Cross Gaming (BO3) - Esports World Cup Asia-Pacific Qualifier Playoffs,LoL: DetonatioN FocusMe vs Deep Cross Gaming (BO3) - Esports World Cup Asia-Pacific Qualifier Playoffs,2026-05-06T15:51:12.28967Z,34311.087212,0.0,,LoL: DetonatioN FocusMe,,0.008588578324655287,0.0
Deep Cross Gaming (BO3) - Esports World Cup Asia-Pacific Qualifier Playoffs,LoL: DetonatioN FocusMe,LoL: DetonatioN FocusMe vs Deep Cross Gaming (BO3) - Esports World Cup Asia-Pacific Qualifier Playoffs,2026-05-06T15:51:12.28967Z,34311.087212,0.0,,Deep Cross Gaming (BO3) - Esports World Cup Asia-Pacific Qualifier Playoffs,,0.008588578324655287,0.0
LoL: Team Secret Whales,Fukuoka SoftBank Hawks Gaming (BO3) - Esports World Cup Asia-Pacific Qualifier Playoffs,LoL: Team Secret Whales vs Fukuoka SoftBank Hawks Gaming (BO3) - Esports World Cup Asia-Pacific Qualifier Playoffs,2026-05-07T22:42:18.242366Z,32419.550005000005,0.0,,LoL: Team Secret Whales,,0.00811509826976978,0.0
Fukuoka SoftBank Hawks Gaming (BO3) - Esports World Cup Asia-Pacific Qualifier Playoffs,LoL: Team Secret Whales,LoL: Team Secret Whales vs Fukuoka SoftBank Hawks Gaming (BO3) - Esports World Cup Asia-Pacific Qualifier Playoffs,2026-05-07T22:42:18.242366Z,32419.550005000005,0.0,,Fukuoka SoftBank Hawks Gaming (BO3) - Esports World Cup Asia-Pacific Qualifier Playoffs,,0.00811509826976978,0.0
LoL: Deep Cross Gaming,GAM Esports (BO3) - Esports World Cup Asia-Pacific Qualifier Playoffs,LoL: Deep Cross Gaming vs GAM Esports (BO3) - Esports World Cup Asia-Pacific Qualifier Playoffs,2026-05-14T00:03:45.645166Z,25982.235429000004,0.0,,LoL: Deep Cross Gaming,,0.00650374214762729,0.0
GAM Esports (BO3) - Esports World Cup Asia-Pacific Qualifier Playoffs,LoL: Deep Cross Gaming,LoL: Deep Cross Gaming vs GAM Esports (BO3) - Esports World Cup Asia-Pacific Qualifier Playoffs,2026-05-14T00:03:45.645166Z,25982.235429000004,0.0,,GAM Esports (BO3) - Esports World Cup Asia-Pacific Qualifier Playoffs,,0.00650374214762729,0.0
"T20 World Cup, Sub Regional Africa, Qualifier A: Ivory Coast",Mali,"T20 World Cup, Sub Regional Africa, Qualifier A: Ivory Coast vs Mali",2026-05-25T02:50:58.997072Z,24942.90284,206.8,0.0005,"T20 World Cup, Sub Regional Africa, Qualifier A: Ivory Coast",,0.006243581655164918,0.0
Mali,"T20 World Cup, Sub Regional Africa, Qualifier A: Ivory Coast","T20 World Cup, Sub Regional Africa, Qualifier A: Ivory Coast vs Mali",2026-05-25T02:50:58.997072Z,24942.90284,206.8,0.0005,Mali,,0.006243581655164918,0.0
LoL: Team Secret Whales,GAM Esports (BO3) - Esports World Cup Asia-Pacific Qualifier Playoffs,LoL: Team Secret Whales vs GAM Esports (BO3) - Esports World Cup Asia-Pacific Qualifier Playoffs,2026-05-06T15:51:12.277016Z,13678.664487,0.0,,LoL: Team Secret Whales,,0.003423974314698852,0.0
GAM Esports (BO3) - Esports World Cup Asia-Pacific Qualifier Playoffs,LoL: Team Secret Whales,LoL: Team Secret Whales vs GAM Esports (BO3) - Esports World Cup Asia-Pacific Qualifier Playoffs,2026-05-06T15:51:12.277016Z,13678.664487,0.0,,GAM Esports (BO3) - Esports World Cup Asia-Pacific Qualifier Playoffs,,0.003423974314698852,0.0
Valorant: TEC Esports,All Gamers (BO5) - Esports World Cup China Qualifier Stage 2,Valorant: TEC Esports vs All Gamers (BO5) - Esports World Cup China Qualifier Stage 2,2026-05-20T03:08:28.001923Z,7987.8094070000025,0.0,,Valorant: TEC Esports,,0.001999468169299054,0.0
All Gamers (BO5) - Esports World Cup China Qualifier Stage 2,Valorant: TEC Esports,Valorant: TEC Esports vs All Gamers (BO5) - Esports World Cup China Qualifier Stage 2,2026-05-20T03:08:28.001923Z,7987.8094070000025,0.0,,All Gamers (BO5) - Esports World Cup China Qualifier Stage 2,,0.001999468169299054,0.0
LoL: Deep Cross Gaming,GAM Esports (BO3) - Esports World Cup Asia-Pacific Qualifier Playoffs,LoL: Deep Cross Gaming vs GAM Esports (BO3) - Esports World Cup Asia-Pacific Qualifier Playoffs,2026-05-05T08:00:45.583177Z,6026.348526,0.0,,LoL: Deep Cross Gaming,,0.0015084851729536602,0.0
GAM Esports (BO3) - Esports World Cup Asia-Pacific Qualifier Playoffs,LoL: Deep Cross Gaming,LoL: Deep Cross Gaming vs GAM Esports (BO3) - Esports World Cup Asia-Pacific Qualifier Playoffs,2026-05-05T08:00:45.583177Z,6026.348526,0.0,,GAM Esports (BO3) - Esports World Cup Asia-Pacific Qualifier Playoffs,,0.0015084851729536602,0.0
