match,group,date,time,tz,team1,team2,stadium,city_name,country,lat,lon,kickoff,temperature_2m,relative_humidity_2m,elevation,apparent_temperature,team1_camp_name,team1_camp_latitude,team1_camp_longitude,team1_orig_team,team1_elevation,team1_temperature_2m,team1_relative_humidity_2m,team1_apparent_temperature,team2_camp_name,team2_camp_latitude,team2_camp_longitude,team2_orig_team,team2_elevation,team2_temperature_2m,team2_relative_humidity_2m,team2_apparent_temperature
1,A,2026-06-11,13:00,UTC-6,Mexico,South Africa,Estadio Azteca,Mexico City,Mexico,19.303,-99.151,2026-06-11 13:00:00,25.1,33.8,2251.0,25.286666666666655,Centro de Alto Rendimiento (CAR),19.437609,-99.10715,Mexico,2231.0,18.40276315789474,66.03464912280701,17.85236842105263,CF Pachuca - Universidad Del Futbol,20.070297,-98.73874,South Africa,2365.0,16.376535087719297,71.90833333333333,15.167543859649124
2,A,2026-06-11,20:00,UTC-6,Korea Republic,Czechia,Estadio Akron,Zapopan,Mexico,20.689,-103.467,2026-06-11 20:00:00,24.206666666666667,47.8,1665.0,22.553333333333335,Chivas Verde Valle,20.702986,-103.45453,Korea Republic,1644.0,21.904605263157897,69.2232456140351,22.491666666666667,Mansfield Multipurpose Stadium,32.583477,-97.12546,Czechia,200.0,28.671754385964913,66.43815789473685,31.53666666666667
25,A,2026-06-18,12:00,UTC-4,Czechia,South Africa,Mercedes-Benz Stadium,Atlanta,USA,33.755,-84.401,2026-06-18 12:00:00,29.153333333333332,50.93333333333333,316.0,31.093333333333337,Mansfield Multipurpose Stadium,32.583477,-97.12546,Czechia,200.0,28.671754385964913,66.43815789473685,31.53666666666667,CF Pachuca - Universidad Del Futbol,20.070297,-98.73874,South Africa,2365.0,16.376535087719297,71.90833333333333,15.167543859649124
28,A,2026-06-18,19:00,UTC-6,Mexico,Korea Republic,Estadio Akron,Zapopan,Mexico,20.689,-103.467,2026-06-18 19:00:00,24.553333333333335,48.06666666666667,1665.0,23.466666666666665,Centro de Alto Rendimiento (CAR),19.437609,-99.10715,Mexico,2231.0,18.40276315789474,66.03464912280701,17.85236842105263,Chivas Verde Valle,20.702986,-103.45453,Korea Republic,1644.0,21.904605263157897,69.2232456140351,22.491666666666667
53,A,2026-06-24,19:00,UTC-6,Czechia,Mexico,Estadio Azteca,Mexico City,Mexico,19.303,-99.151,2026-06-24 19:00:00,18.8,64.8,2251.0,18.2,Mansfield Multipurpose Stadium,32.583477,-97.12546,Czechia,200.0,28.671754385964913,66.43815789473685,31.53666666666667,Centro de Alto Rendimiento (CAR),19.437609,-99.10715,Mexico,2231.0,18.40276315789474,66.03464912280701,17.85236842105263
54,A,2026-06-24,19:00,UTC-6,South Africa,Korea Republic,Estadio BBVA,Guadalupe,Mexico,25.669,-100.247,2026-06-24 19:00:00,30.966666666666676,48.666666666666664,494.0,31.566666666666663,CF Pachuca - Universidad Del Futbol,20.070297,-98.73874,South Africa,2365.0,16.376535087719297,71.90833333333333,15.167543859649124,Chivas Verde Valle,20.702986,-103.45453,Korea Republic,1644.0,21.904605263157897,69.2232456140351,22.491666666666667
3,B,2026-06-12,15:00,UTC-4,Canada,Bosnia and Herzegovina,BMO Field,Toronto,Canada,43.633,-79.419,2026-06-12 15:00:00,21.57333333333333,63.333333333333336,83.0,22.19333333333333,National Soccer Development Centre,49.244286,-123.133575,Canada,0.0,16.23574561403509,75.84166666666667,15.60359649122807,RSL Stadium,40.597538,-111.895325,Bosnia and Herzegovina,1350.0,23.916052631578943,25.87061403508772,20.818771929824564
8,B,2026-06-13,12:00,UTC-7,Qatar,Switzerland,Levi's Stadium,Santa Clara,USA,37.403,-121.97,2026-06-13 12:00:00,22.44666666666667,47.0,3.0,22.76,Westmont College,34.481544,-119.69774,Qatar,157.0,20.672236842105264,61.52456140350877,21.214254385964914,SDJA,32.93497,-117.242645,Switzerland,66.0,18.96798245614035,77.4828947368421,19.705043859649123
26,B,2026-06-18,12:00,UTC-7,Switzerland,Bosnia and Herzegovina,SoFi Stadium,Inglewood,USA,33.953,-118.339,2026-06-18 12:00:00,25.426666666666662,48.333333333333336,38.0,26.466666666666665,SDJA,32.93497,-117.242645,Switzerland,66.0,18.96798245614035,77.4828947368421,19.705043859649123,RSL Stadium,40.597538,-111.895325,Bosnia and Herzegovina,1350.0,23.916052631578943,25.87061403508772,20.818771929824564
27,B,2026-06-18,15:00,UTC-7,Canada,Qatar,BC Place,Vancouver,Canada,49.277,-123.112,2026-06-18 15:00:00,16.846666666666668,63.13333333333333,18.0,16.073333333333334,National Soccer Development Centre,49.244286,-123.133575,Canada,0.0,16.23574561403509,75.84166666666667,15.60359649122807,Westmont College,34.481544,-119.69774,Qatar,157.0,20.672236842105264,61.52456140350877,21.214254385964914
51,B,2026-06-24,12:00,UTC-7,Switzerland,Canada,BC Place,Vancouver,Canada,49.277,-123.112,2026-06-24 12:00:00,18.5,69.13333333333334,18.0,19.04666666666667,SDJA,32.93497,-117.242645,Switzerland,66.0,18.96798245614035,77.4828947368421,19.705043859649123,National Soccer Development Centre,49.244286,-123.133575,Canada,0.0,16.23574561403509,75.84166666666667,15.60359649122807
52,B,2026-06-24,12:00,UTC-7,Bosnia and Herzegovina,Qatar,Lumen Field,Seattle,USA,47.595,-122.332,2026-06-24 12:00:00,19.466666666666672,59.2,10.0,19.92666666666667,RSL Stadium,40.597538,-111.895325,Bosnia and Herzegovina,1350.0,23.916052631578943,25.87061403508772,20.818771929824564,Westmont College,34.481544,-119.69774,Qatar,157.0,20.672236842105264,61.52456140350877,21.214254385964914
7,C,2026-06-13,18:00,UTC-4,Brazil,Morocco,MetLife Stadium,East Rutherford,USA,40.814,-74.075,2026-06-13 18:00:00,24.84,52.2,4.0,23.98,Columbia Park Training Facility,40.808434,-74.0199,Brazil,4.0,22.169561403508773,67.97850877192982,22.612149122807015,The Pingry School,40.667835,-74.57507,Morocco,90.0,22.1440350877193,65.6280701754386,22.536754385964915
5,C,2026-06-13,21:00,UTC-4,Haiti,Scotland,Gillette Stadium,Foxborough,USA,42.091,-71.264,2026-06-13 21:00:00,19.266666666666666,73.53333333333333,84.0,19.14,Stockton University,39.47276,-74.5643,Haiti,25.0,22.637412280701756,70.97631578947369,23.67236842105263,Charlotte FC,35.184532,-80.816345,Scotland,220.0,25.38267543859649,64.8280701754386,26.99122807017544
30,C,2026-06-19,18:00,UTC-4,Scotland,Morocco,Gillette Stadium,Foxborough,USA,42.091,-71.264,2026-06-19 18:00:00,23.35333333333333,63.733333333333334,84.0,23.666666666666664,Charlotte FC,35.184532,-80.816345,Scotland,220.0,25.38267543859649,64.8280701754386,26.99122807017544,The Pingry School,40.667835,-74.57507,Morocco,90.0,22.1440350877193,65.6280701754386,22.536754385964915
49,C,2026-06-24,18:00,UTC-4,Scotland,Brazil,Hard Rock Stadium,Miami Gardens,USA,25.958,-80.239,2026-06-24 18:00:00,27.84,74.06666666666666,5.0,31.773333333333333,Charlotte FC,35.184532,-80.816345,Scotland,220.0,25.38267543859649,64.8280701754386,26.99122807017544,Columbia Park Training Facility,40.808434,-74.0199,Brazil,4.0,22.169561403508773,67.97850877192982,22.612149122807015
50,C,2026-06-24,18:00,UTC-4,Morocco,Haiti,Mercedes-Benz Stadium,Atlanta,USA,33.755,-84.401,2026-06-24 18:00:00,31.4,44.733333333333334,316.0,32.20666666666666,The Pingry School,40.667835,-74.57507,Morocco,90.0,22.1440350877193,65.6280701754386,22.536754385964915,Stockton University,39.47276,-74.5643,Haiti,25.0,22.637412280701756,70.97631578947369,23.67236842105263
4,D,2026-06-12,18:00,UTC-7,USA,Paraguay,SoFi Stadium,Inglewood,USA,33.953,-118.339,2026-06-12 18:00:00,21.166666666666668,60.4,38.0,19.6,Great Park Sports Complex,33.63796,-117.80397,USA,82.0,19.44030701754386,73.43552631578947,20.019824561403507,Spartan Soccer Complex,37.363796,-121.91234,Paraguay,22.0,19.767061403508773,55.69736842105263,18.706491228070178
6,D,2026-06-13,21:00,UTC-7,Australia,Türkiye,BC Place,Vancouver,Canada,49.277,-123.112,2026-06-13 21:00:00,14.306666666666668,74.6,18.0,12.626666666666663,Oakland Roots/Soul Training Facility,37.785587,-122.16867,Australia,9.0,16.256140350877192,75.73552631578947,15.425307017543858,Arizona Athletic Grounds,33.356766,-111.66667,Türkiye,405.0,33.866359649122806,17.053947368421053,31.62574561403509
32,D,2026-06-19,12:00,UTC-7,USA,Australia,Lumen Field,Seattle,USA,47.595,-122.332,2026-06-19 12:00:00,16.786666666666665,62.93333333333333,10.0,16.14666666666667,Great Park Sports Complex,33.63796,-117.80397,USA,82.0,19.44030701754386,73.43552631578947,20.019824561403507,Oakland Roots/Soul Training Facility,37.785587,-122.16867,Australia,9.0,16.256140350877192,75.73552631578947,15.425307017543858
31,D,2026-06-19,20:00,UTC-7,Türkiye,Paraguay,Levi's Stadium,Santa Clara,USA,37.403,-121.97,2026-06-19 20:00:00,18.139999999999997,56.93333333333333,3.0,15.826666666666666,Arizona Athletic Grounds,33.356766,-111.66667,Türkiye,405.0,33.866359649122806,17.053947368421053,31.62574561403509,Spartan Soccer Complex,37.363796,-121.91234,Paraguay,22.0,19.767061403508773,55.69736842105263,18.706491228070178
59,D,2026-06-25,19:00,UTC-7,Türkiye,USA,SoFi Stadium,Inglewood,USA,33.953,-118.339,2026-06-25 19:00:00,20.42,67.73333333333333,38.0,19.573333333333338,Arizona Athletic Grounds,33.356766,-111.66667,Türkiye,405.0,33.866359649122806,17.053947368421053,31.62574561403509,Great Park Sports Complex,33.63796,-117.80397,USA,82.0,19.44030701754386,73.43552631578947,20.019824561403507
60,D,2026-06-25,19:00,UTC-7,Paraguay,Australia,Levi's Stadium,Santa Clara,USA,37.403,-121.97,2026-06-25 19:00:00,20.859999999999996,54.46666666666667,3.0,18.360000000000003,Spartan Soccer Complex,37.363796,-121.91234,Paraguay,22.0,19.767061403508773,55.69736842105263,18.706491228070178,Oakland Roots/Soul Training Facility,37.785587,-122.16867,Australia,9.0,16.256140350877192,75.73552631578947,15.425307017543858
10,E,2026-06-14,12:00,UTC-5,Germany,Curaçao,NRG Stadium,Houston,USA,29.685,-95.411,2026-06-14 12:00:00,31.2,61.46666666666667,14.0,35.626666666666665,Wake Forest University,36.168716,-80.298706,Germany,292.0,24.49951754385965,65.5938596491228,26.018026315789474,Florida Atlantic University,26.397186,-80.099,Curaçao,8.0,26.84293859649123,80.84736842105264,31.06456140350877
9,E,2026-06-14,19:00,UTC-4,Ivory Coast,Ecuador,Lincoln Financial Field,Philadelphia,USA,39.901,-75.168,2026-06-14 19:00:00,24.44,61.86666666666667,1.0,24.673333333333336,Philadelphia Union,39.824253,-75.33426,Ivory Coast,10.0,23.02241228070175,68.15350877192982,24.00486842105263,Columbus Crew Performance Centre,39.824253,-82.9805,Ecuador,225.0,22.702456140350876,69.94298245614036,23.94311403508772
33,E,2026-06-20,16:00,UTC-4,Germany,Ivory Coast,BMO Field,Toronto,Canada,43.633,-79.419,2026-06-20 16:00:00,24.653333333333332,58.46666666666667,83.0,25.280000000000005,Wake Forest University,36.168716,-80.298706,Germany,292.0,24.49951754385965,65.5938596491228,26.018026315789474,Philadelphia Union,39.824253,-75.33426,Ivory Coast,10.0,23.02241228070175,68.15350877192982,24.00486842105263
34,E,2026-06-20,19:00,UTC-5,Ecuador,Curaçao,Arrowhead Stadium,Kansas City,USA,39.049,-94.484,2026-06-20 19:00:00,31.006666666666668,52.8,259.0,32.64666666666667,Columbus Crew Performance Centre,39.824253,-82.9805,Ecuador,225.0,22.702456140350876,69.94298245614036,23.94311403508772,Florida Atlantic University,26.397186,-80.099,Curaçao,8.0,26.84293859649123,80.84736842105264,31.06456140350877
55,E,2026-06-25,16:00,UTC-4,Curaçao,Ivory Coast,Lincoln Financial Field,Philadelphia,USA,39.901,-75.168,2026-06-25 16:00:00,30.726666666666667,41.06666666666667,1.0,31.480000000000004,Florida Atlantic University,26.397186,-80.099,Curaçao,8.0,26.84293859649123,80.84736842105264,31.06456140350877,Philadelphia Union,39.824253,-75.33426,Ivory Coast,10.0,23.02241228070175,68.15350877192982,24.00486842105263
56,E,2026-06-25,16:00,UTC-4,Ecuador,Germany,MetLife Stadium,East Rutherford,USA,40.814,-74.075,2026-06-25 16:00:00,30.106666666666666,45.13333333333333,4.0,30.866666666666667,Columbus Crew Performance Centre,39.824253,-82.9805,Ecuador,225.0,22.702456140350876,69.94298245614036,23.94311403508772,Wake Forest University,36.168716,-80.298706,Germany,292.0,24.49951754385965,65.5938596491228,26.018026315789474
11,F,2026-06-14,15:00,UTC-5,Netherlands,Japan,AT&T Stadium,Dallas,USA,32.748,-97.093,2026-06-14 15:00:00,31.246666666666663,59.733333333333334,193.0,35.026666666666664,KC Current Training Facility,39.121265,-94.57419,Netherlands,227.0,25.764517543859647,66.40263157894736,27.63188596491228,Nashville SC,36.098415,-86.73151,Japan,155.0,25.293377192982454,69.73201754385966,27.671622807017545
12,F,2026-06-14,20:00,UTC-6,Sweden,Tunisia,Estadio BBVA,Guadalupe,Mexico,25.669,-100.247,2026-06-14 20:00:00,30.96666666666666,44.53333333333333,494.0,31.486666666666668,FC Dallas Stadium,33.14587,-96.863464,Sweden,186.0,28.6184649122807,66.05570175438596,31.31171052631579,Rayados Training Centre,25.694199,-100.28293,Tunisia,479.0,28.17890350877193,61.907456140350874,30.49228070175438
35,F,2026-06-20,12:00,UTC-5,Netherlands,Sweden,NRG Stadium,Houston,USA,29.685,-95.411,2026-06-20 12:00:00,31.653333333333332,64.6,14.0,36.67999999999999,KC Current Training Facility,39.121265,-94.57419,Netherlands,227.0,25.764517543859647,66.40263157894736,27.63188596491228,FC Dallas Stadium,33.14587,-96.863464,Sweden,186.0,28.6184649122807,66.05570175438596,31.31171052631579
36,F,2026-06-20,22:00,UTC-6,Tunisia,Japan,Estadio BBVA,Guadalupe,Mexico,25.669,-100.247,2026-06-20 22:00:00,27.0,67.0,494.0,29.08666666666667,Rayados Training Centre,25.694199,-100.28293,Tunisia,479.0,28.17890350877193,61.907456140350874,30.49228070175438,Nashville SC,36.098415,-86.73151,Japan,155.0,25.293377192982454,69.73201754385966,27.671622807017545
57,F,2026-06-25,18:00,UTC-5,Japan,Sweden,AT&T Stadium,Dallas,USA,32.748,-97.093,2026-06-25 18:00:00,35.19333333333334,41.6,193.0,36.74,Nashville SC,36.098415,-86.73151,Japan,155.0,25.293377192982454,69.73201754385966,27.671622807017545,FC Dallas Stadium,33.14587,-96.863464,Sweden,186.0,28.6184649122807,66.05570175438596,31.31171052631579
58,F,2026-06-25,18:00,UTC-5,Tunisia,Netherlands,Arrowhead Stadium,Kansas City,USA,39.049,-94.484,2026-06-25 18:00:00,30.213333333333335,57.13333333333333,259.0,31.90666666666667,Rayados Training Centre,25.694199,-100.28293,Tunisia,479.0,28.17890350877193,61.907456140350874,30.49228070175438,KC Current Training Facility,39.121265,-94.57419,Netherlands,227.0,25.764517543859647,66.40263157894736,27.63188596491228
16,G,2026-06-15,12:00,UTC-7,Belgium,Egypt,Lumen Field,Seattle,USA,47.595,-122.332,2026-06-15 12:00:00,15.859999999999998,62.4,10.0,14.48,Seattle Sounders FC Performance Centre and Clubhouse,47.486816,-122.21675,Belgium,42.0,15.938026315789472,72.1171052631579,14.965350877192982,Gonzaga University,47.627415,-117.42999,Egypt,584.0,18.860526315789475,46.23991228070175,16.49184210526316
15,G,2026-06-15,18:00,UTC-7,Iran,New Zealand,SoFi Stadium,Inglewood,USA,33.953,-118.339,2026-06-15 18:00:00,23.386666666666667,55.13333333333333,38.0,22.493333333333336,Centro Xoloitzcuintle,32.442883,-116.90158,Iran,164.0,19.72802631578947,68.69692982456141,20.036184210526315,University of San Diego - Torero Stadium,32.794376,-117.17604,New Zealand,66.0,18.876447368421054,75.65438596491228,19.373464912280703
39,G,2026-06-21,12:00,UTC-7,Belgium,Iran,SoFi Stadium,Inglewood,USA,33.953,-118.339,2026-06-21 12:00:00,26.10666666666667,42.733333333333334,38.0,26.893333333333327,Seattle Sounders FC Performance Centre and Clubhouse,47.486816,-122.21675,Belgium,42.0,15.938026315789472,72.1171052631579,14.965350877192982,Centro Xoloitzcuintle,32.442883,-116.90158,Iran,164.0,19.72802631578947,68.69692982456141,20.036184210526315
40,G,2026-06-21,18:00,UTC-7,New Zealand,Egypt,BC Place,Vancouver,Canada,49.277,-123.112,2026-06-21 18:00:00,19.040000000000003,69.73333333333333,18.0,18.94,University of San Diego - Torero Stadium,32.794376,-117.17604,New Zealand,66.0,18.876447368421054,75.65438596491228,19.373464912280703,Gonzaga University,47.627415,-117.42999,Egypt,584.0,18.860526315789475,46.23991228070175,16.49184210526316
63,G,2026-06-26,20:00,UTC-7,Egypt,Iran,Lumen Field,Seattle,USA,47.595,-122.332,2026-06-26 20:00:00,20.98,65.26666666666667,10.0,20.326666666666664,Gonzaga University,47.627415,-117.42999,Egypt,584.0,18.860526315789475,46.23991228070175,16.49184210526316,Centro Xoloitzcuintle,32.442883,-116.90158,Iran,164.0,19.72802631578947,68.69692982456141,20.036184210526315
64,G,2026-06-26,20:00,UTC-7,New Zealand,Belgium,BC Place,Vancouver,Canada,49.277,-123.112,2026-06-26 20:00:00,20.46,69.4,18.0,20.68,University of San Diego - Torero Stadium,32.794376,-117.17604,New Zealand,66.0,18.876447368421054,75.65438596491228,19.373464912280703,Seattle Sounders FC Performance Centre and Clubhouse,47.486816,-122.21675,Belgium,42.0,15.938026315789472,72.1171052631579,14.965350877192982
14,H,2026-06-15,12:00,UTC-4,Spain,Cape Verde,Mercedes-Benz Stadium,Atlanta,USA,33.755,-84.401,2026-06-15 12:00:00,29.46,57.13333333333333,316.0,32.77333333333334,Baylor School,35.114235,-85.29935,Spain,270.0,24.355745614035087,70.84210526315789,26.719342105263156,Waters Sportsplex,28.01406,-82.48306,Cape Verde,13.0,27.143903508771928,77.81491228070175,31.200701754385967
13,H,2026-06-15,18:00,UTC-4,Saudi Arabia,Uruguay,Hard Rock Stadium,Miami Gardens,USA,25.958,-80.239,2026-06-15 18:00:00,28.739999999999995,72.13333333333334,5.0,32.66,Austin FC Stadium,30.404217,-97.71127,Saudi Arabia,233.0,28.466184210526315,69.71315789473684,31.628947368421052,Mayakoba Training Centre Cancun,20.702986,-87.09091,Uruguay,14.0,27.44315789473684,82.16052631578947,31.97087719298246
38,H,2026-06-21,12:00,UTC-4,Spain,Saudi Arabia,Mercedes-Benz Stadium,Atlanta,USA,33.755,-84.401,2026-06-21 12:00:00,27.57333333333333,62.46666666666667,316.0,30.00666666666667,Baylor School,35.114235,-85.29935,Spain,270.0,24.355745614035087,70.84210526315789,26.719342105263156,Austin FC Stadium,30.404217,-97.71127,Saudi Arabia,233.0,28.466184210526315,69.71315789473684,31.628947368421052
37,H,2026-06-21,18:00,UTC-4,Uruguay,Cape Verde,Hard Rock Stadium,Miami Gardens,USA,25.958,-80.239,2026-06-21 18:00:00,29.333333333333332,66.0,5.0,32.459999999999994,Mayakoba Training Centre Cancun,20.702986,-87.09091,Uruguay,14.0,27.44315789473684,82.16052631578947,31.97087719298246,Waters Sportsplex,28.01406,-82.48306,Cape Verde,13.0,27.143903508771928,77.81491228070175,31.200701754385967
65,H,2026-06-26,19:00,UTC-5,Cape Verde,Saudi Arabia,NRG Stadium,Houston,USA,29.685,-95.411,2026-06-26 19:00:00,30.860000000000003,64.66666666666667,14.0,34.46,Waters Sportsplex,28.01406,-82.48306,Cape Verde,13.0,27.143903508771928,77.81491228070175,31.200701754385967,Austin FC Stadium,30.404217,-97.71127,Saudi Arabia,233.0,28.466184210526315,69.71315789473684,31.628947368421052
66,H,2026-06-26,18:00,UTC-6,Uruguay,Spain,Estadio Akron,Zapopan,Mexico,20.689,-103.467,2026-06-26 18:00:00,21.92,63.53333333333333,1665.0,21.293333333333333,Mayakoba Training Centre Cancun,20.702986,-87.09091,Uruguay,14.0,27.44315789473684,82.16052631578947,31.97087719298246,Baylor School,35.114235,-85.29935,Spain,270.0,24.355745614035087,70.84210526315789,26.719342105263156
17,I,2026-06-16,15:00,UTC-4,France,Senegal,MetLife Stadium,East Rutherford,USA,40.814,-74.075,2026-06-16 15:00:00,21.76,61.266666666666666,4.0,21.233333333333334,Bentley University,42.425304,-71.23349,France,64.0,20.5559649122807,70.92105263157895,20.819122807017543,Rutgers University,40.52724,-74.491516,Senegal,38.0,22.650087719298245,65.03815789473684,23.130833333333335
18,I,2026-06-16,18:00,UTC-4,Iraq,Norway,Gillette Stadium,Foxborough,USA,42.091,-71.264,2026-06-16 18:00:00,21.38,54.4,84.0,19.993333333333332,The Greenbrier Sports Performance Centre,37.785587,-80.24097,Iraq,663.0,20.233245614035088,72.49473684210527,20.83815789473684,UNC Greensboro,36.098415,-79.84436,Norway,249.0,24.572236842105266,65.95219298245614,26.04934210526316
42,I,2026-06-22,17:00,UTC-4,France,Iraq,Lincoln Financial Field,Philadelphia,USA,39.901,-75.168,2026-06-22 17:00:00,26.6,61.333333333333336,1.0,27.25333333333333,Bentley University,42.425304,-71.23349,France,64.0,20.5559649122807,70.92105263157895,20.819122807017543,The Greenbrier Sports Performance Centre,37.785587,-80.24097,Iraq,663.0,20.233245614035088,72.49473684210527,20.83815789473684
41,I,2026-06-22,20:00,UTC-4,Norway,Senegal,MetLife Stadium,East Rutherford,USA,40.814,-74.075,2026-06-22 20:00:00,22.64666666666666,74.33333333333333,4.0,23.626666666666665,UNC Greensboro,36.098415,-79.84436,Norway,249.0,24.572236842105266,65.95219298245614,26.04934210526316,Rutgers University,40.52724,-74.491516,Senegal,38.0,22.650087719298245,65.03815789473684,23.130833333333335
61,I,2026-06-26,15:00,UTC-4,Norway,France,Gillette Stadium,Foxborough,USA,42.091,-71.264,2026-06-26 15:00:00,26.813333333333336,58.733333333333334,84.0,27.5,UNC Greensboro,36.098415,-79.84436,Norway,249.0,24.572236842105266,65.95219298245614,26.04934210526316,Bentley University,42.425304,-71.23349,France,64.0,20.5559649122807,70.92105263157895,20.819122807017543
62,I,2026-06-26,15:00,UTC-4,Senegal,Iraq,BMO Field,Toronto,Canada,43.633,-79.419,2026-06-26 15:00:00,23.78666666666667,69.66666666666667,83.0,24.30666666666667,Rutgers University,40.52724,-74.491516,Senegal,38.0,22.650087719298245,65.03815789473684,23.130833333333335,The Greenbrier Sports Performance Centre,37.785587,-80.24097,Iraq,663.0,20.233245614035088,72.49473684210527,20.83815789473684
19,J,2026-06-16,20:00,UTC-5,Argentina,Algeria,Arrowhead Stadium,Kansas City,USA,39.049,-94.484,2026-06-16 20:00:00,28.266666666666666,59.666666666666664,259.0,30.26,Sporting KC Training Centre,38.980667,-94.80823,Argentina,281.0,25.555833333333336,66.62324561403508,27.33859649122807,University of Kansas,38.980667,-95.30136,Algeria,287.0,25.88938596491228,66.28245614035087,27.729780701754382
19,J,2026-06-16,20:00,UTC-5,Argentina,Algeria,Arrowhead Stadium,Kansas City,USA,39.049,-94.484,2026-06-16 20:00:00,28.266666666666666,59.666666666666664,259.0,30.26,Sporting KC Training Centre,38.980667,-94.80823,Argentina,281.0,25.555833333333336,66.62324561403508,27.33859649122807,University of Kansas,38.980667,-95.30136,Algeria,287.0,25.88938596491228,66.28245614035087,27.729780701754382
19,J,2026-06-16,20:00,UTC-5,Argentina,Algeria,Arrowhead Stadium,Kansas City,USA,39.049,-94.484,2026-06-16 20:00:00,28.266666666666666,59.666666666666664,259.0,30.26,Sporting KC Training Centre,38.980667,-94.80823,Argentina,281.0,25.555833333333336,66.62324561403508,27.33859649122807,University of Kansas,38.980667,-95.30136,Algeria,287.0,25.88938596491228,66.28245614035087,27.729780701754382
19,J,2026-06-16,20:00,UTC-5,Argentina,Algeria,Arrowhead Stadium,Kansas City,USA,39.049,-94.484,2026-06-16 20:00:00,28.266666666666666,59.666666666666664,259.0,30.26,Sporting KC Training Centre,38.980667,-94.80823,Argentina,281.0,25.555833333333336,66.62324561403508,27.33859649122807,University of Kansas,38.980667,-95.30136,Algeria,287.0,25.88938596491228,66.28245614035087,27.729780701754382
20,J,2026-06-16,21:00,UTC-7,Austria,Jordan,Levi's Stadium,Santa Clara,USA,37.403,-121.97,2026-06-16 21:00:00,17.720000000000002,58.13333333333333,3.0,15.86,UC Santa Barbara - Harder Stadium,34.481544,-119.8111,Austria,22.0,20.99640350877193,63.17850877192983,21.648728070175437,University of Portland,45.58875,-122.68869,Jordan,54.0,17.529649122807015,66.72105263157894,16.707149122807017
43,J,2026-06-22,12:00,UTC-5,Argentina,Austria,AT&T Stadium,Dallas,USA,32.748,-97.093,2026-06-22 12:00:00,30.713333333333328,53.8,193.0,33.89333333333334,Sporting KC Training Centre,38.980667,-94.80823,Argentina,281.0,25.555833333333336,66.62324561403508,27.33859649122807,UC Santa Barbara - Harder Stadium,34.481544,-119.8111,Austria,22.0,20.99640350877193,63.17850877192983,21.648728070175437
43,J,2026-06-22,12:00,UTC-5,Argentina,Austria,AT&T Stadium,Dallas,USA,32.748,-97.093,2026-06-22 12:00:00,30.713333333333328,53.8,193.0,33.89333333333334,Sporting KC Training Centre,38.980667,-94.80823,Argentina,281.0,25.555833333333336,66.62324561403508,27.33859649122807,UC Santa Barbara - Harder Stadium,34.481544,-119.8111,Austria,22.0,20.99640350877193,63.17850877192983,21.648728070175437
44,J,2026-06-22,20:00,UTC-7,Jordan,Algeria,Levi's Stadium,Santa Clara,USA,37.403,-121.97,2026-06-22 20:00:00,21.319999999999997,50.06666666666667,3.0,19.413333333333338,University of Portland,45.58875,-122.68869,Jordan,54.0,17.529649122807015,66.72105263157894,16.707149122807017,University of Kansas,38.980667,-95.30136,Algeria,287.0,25.88938596491228,66.28245614035087,27.729780701754382
44,J,2026-06-22,20:00,UTC-7,Jordan,Algeria,Levi's Stadium,Santa Clara,USA,37.403,-121.97,2026-06-22 20:00:00,21.319999999999997,50.06666666666667,3.0,19.413333333333338,University of Portland,45.58875,-122.68869,Jordan,54.0,17.529649122807015,66.72105263157894,16.707149122807017,University of Kansas,38.980667,-95.30136,Algeria,287.0,25.88938596491228,66.28245614035087,27.729780701754382
69,J,2026-06-27,21:00,UTC-5,Algeria,Austria,Arrowhead Stadium,Kansas City,USA,39.049,-94.484,2026-06-27 21:00:00,24.566666666666663,66.8,259.0,26.066666666666663,University of Kansas,38.980667,-95.30136,Algeria,287.0,25.88938596491228,66.28245614035087,27.729780701754382,UC Santa Barbara - Harder Stadium,34.481544,-119.8111,Austria,22.0,20.99640350877193,63.17850877192983,21.648728070175437
69,J,2026-06-27,21:00,UTC-5,Algeria,Austria,Arrowhead Stadium,Kansas City,USA,39.049,-94.484,2026-06-27 21:00:00,24.566666666666663,66.8,259.0,26.066666666666663,University of Kansas,38.980667,-95.30136,Algeria,287.0,25.88938596491228,66.28245614035087,27.729780701754382,UC Santa Barbara - Harder Stadium,34.481544,-119.8111,Austria,22.0,20.99640350877193,63.17850877192983,21.648728070175437
70,J,2026-06-27,21:00,UTC-5,Jordan,Argentina,AT&T Stadium,Dallas,USA,32.748,-97.093,2026-06-27 21:00:00,29.946666666666665,64.2,193.0,32.826666666666675,University of Portland,45.58875,-122.68869,Jordan,54.0,17.529649122807015,66.72105263157894,16.707149122807017,Sporting KC Training Centre,38.980667,-94.80823,Argentina,281.0,25.555833333333336,66.62324561403508,27.33859649122807
70,J,2026-06-27,21:00,UTC-5,Jordan,Argentina,AT&T Stadium,Dallas,USA,32.748,-97.093,2026-06-27 21:00:00,29.946666666666665,64.2,193.0,32.826666666666675,University of Portland,45.58875,-122.68869,Jordan,54.0,17.529649122807015,66.72105263157894,16.707149122807017,Sporting KC Training Centre,38.980667,-94.80823,Argentina,281.0,25.555833333333336,66.62324561403508,27.33859649122807
23,K,2026-06-17,12:00,UTC-5,Portugal,DR Congo,NRG Stadium,Houston,USA,29.685,-95.411,2026-06-17 12:00:00,31.453333333333333,62.86666666666667,14.0,36.35333333333333,Gardens North County District Park,26.889278,-80.12195,Portugal,5.0,26.77298245614035,79.9030701754386,30.876052631578943,Houston Training Centre,29.63093,-95.42294,DR Congo,13.0,28.41578947368421,77.04824561403508,32.90864035087719
24,K,2026-06-17,20:00,UTC-6,Uzbekistan,Colombia,Estadio Azteca,Mexico City,Mexico,19.303,-99.151,2026-06-17 20:00:00,18.86,59.733333333333334,2251.0,17.453333333333333,Atlanta United Training Centre,33.989452,-84.60672,Uzbekistan,338.0,24.790043859649124,70.56754385964912,26.88627192982456,Academia Atlas FC,20.632689,-103.35016,Colombia,1566.0,22.81157894736842,65.41008771929825,23.53057017543859
47,K,2026-06-23,12:00,UTC-5,Portugal,Uzbekistan,NRG Stadium,Houston,USA,29.685,-95.411,2026-06-23 12:00:00,31.04666666666667,66.46666666666667,14.0,36.726666666666674,Gardens North County District Park,26.889278,-80.12195,Portugal,5.0,26.77298245614035,79.9030701754386,30.876052631578943,Atlanta United Training Centre,33.989452,-84.60672,Uzbekistan,338.0,24.790043859649124,70.56754385964912,26.88627192982456
48,K,2026-06-23,20:00,UTC-6,Colombia,DR Congo,Estadio Akron,Zapopan,Mexico,20.689,-103.467,2026-06-23 20:00:00,20.553333333333335,75.93333333333334,1665.0,20.966666666666665,Academia Atlas FC,20.632689,-103.35016,Colombia,1566.0,22.81157894736842,65.41008771929825,23.53057017543859,Houston Training Centre,29.63093,-95.42294,DR Congo,13.0,28.41578947368421,77.04824561403508,32.90864035087719
22,L,2026-06-17,15:00,UTC-5,England,Croatia,AT&T Stadium,Dallas,USA,32.748,-97.093,2026-06-17 15:00:00,33.22,49.333333333333336,193.0,36.43999999999999,Swope Soccer Village,39.050964,-94.5679,England,281.0,25.89657894736842,65.2232456140351,27.672543859649124,Episcopal High School,38.84007,-77.09015,Croatia,15.0,23.896885964912283,67.54342105263157,25.29872807017544
21,L,2026-06-17,19:00,UTC-4,Ghana,Panama,BMO Field,Toronto,Canada,43.633,-79.419,2026-06-17 19:00:00,22.386666666666667,54.733333333333334,83.0,20.706666666666667,Bryant University,41.933216,-71.55524,Ghana,126.0,20.41877192982456,71.26447368421053,20.56043859649123,Nottawasaga Training Site,44.112476,-79.86301,Panama,221.0,19.510657894736845,67.67850877192983,19.195877192982454
45,L,2026-06-23,16:00,UTC-4,England,Ghana,Gillette Stadium,Foxborough,USA,42.091,-71.264,2026-06-23 16:00:00,26.973333333333333,53.8,84.0,28.186666666666667,Swope Soccer Village,39.050964,-94.5679,England,281.0,25.89657894736842,65.2232456140351,27.672543859649124,Bryant University,41.933216,-71.55524,Ghana,126.0,20.41877192982456,71.26447368421053,20.56043859649123
46,L,2026-06-23,19:00,UTC-4,Panama,Croatia,BMO Field,Toronto,Canada,43.633,-79.419,2026-06-23 19:00:00,24.426666666666662,59.06666666666667,83.0,23.626666666666665,Nottawasaga Training Site,44.112476,-79.86301,Panama,221.0,19.510657894736845,67.67850877192983,19.195877192982454,Episcopal High School,38.84007,-77.09015,Croatia,15.0,23.896885964912283,67.54342105263157,25.29872807017544
67,L,2026-06-27,17:00,UTC-4,Panama,England,MetLife Stadium,East Rutherford,USA,40.814,-74.075,2026-06-27 17:00:00,25.90666666666667,62.06666666666667,4.0,26.83333333333333,Nottawasaga Training Site,44.112476,-79.86301,Panama,221.0,19.510657894736845,67.67850877192983,19.195877192982454,Swope Soccer Village,39.050964,-94.5679,England,281.0,25.89657894736842,65.2232456140351,27.672543859649124
68,L,2026-06-27,17:00,UTC-4,Croatia,Ghana,Lincoln Financial Field,Philadelphia,USA,39.901,-75.168,2026-06-27 17:00:00,26.993333333333336,65.26666666666667,1.0,28.246666666666663,Episcopal High School,38.84007,-77.09015,Croatia,15.0,23.896885964912283,67.54342105263157,25.29872807017544,Bryant University,41.933216,-71.55524,Ghana,126.0,20.41877192982456,71.26447368421053,20.56043859649123
