node_id,date,stadium,hour_utc,apparent_temperature,elevation
0,2026-06-11,BMO Field,19,20.10666666666667,83
1,2026-06-11,BMO Field,20,19.826666666666664,83
2,2026-06-11,BMO Field,21,19.453333333333333,83
3,2026-06-11,BMO Field,22,19.253333333333337,83
4,2026-06-11,BMO Field,23,18.993333333333336,83
5,2026-06-12,BMO Field,19,22.19333333333333,83
6,2026-06-12,BMO Field,20,22.006666666666668,83
7,2026-06-12,BMO Field,21,21.813333333333333,83
8,2026-06-12,BMO Field,22,21.186666666666664,83
9,2026-06-12,BMO Field,23,20.186666666666664,83
10,2026-06-13,BMO Field,19,20.959999999999997,83
11,2026-06-13,BMO Field,20,20.866666666666667,83
12,2026-06-13,BMO Field,21,20.506666666666668,83
13,2026-06-13,BMO Field,22,19.973333333333333,83
14,2026-06-13,BMO Field,23,19.393333333333334,83
15,2026-06-14,BMO Field,19,21.540000000000003,83
16,2026-06-14,BMO Field,20,21.14,83
17,2026-06-14,BMO Field,21,20.22666666666667,83
18,2026-06-14,BMO Field,22,19.533333333333335,83
19,2026-06-14,BMO Field,23,18.74666666666667,83
20,2026-06-15,BMO Field,19,21.013333333333332,83
21,2026-06-15,BMO Field,20,20.793333333333333,83
22,2026-06-15,BMO Field,21,20.366666666666667,83
23,2026-06-15,BMO Field,22,19.65333333333333,83
24,2026-06-15,BMO Field,23,18.986666666666668,83
25,2026-06-16,BMO Field,19,23.633333333333333,83
26,2026-06-16,BMO Field,20,23.406666666666663,83
27,2026-06-16,BMO Field,21,22.373333333333335,83
28,2026-06-16,BMO Field,22,21.02,83
29,2026-06-16,BMO Field,23,19.826666666666664,83
30,2026-06-17,BMO Field,19,24.133333333333333,83
31,2026-06-17,BMO Field,20,23.6,83
32,2026-06-17,BMO Field,21,22.72000000000001,83
33,2026-06-17,BMO Field,22,21.71333333333333,83
34,2026-06-17,BMO Field,23,20.706666666666667,83
35,2026-06-18,BMO Field,19,23.766666666666666,83
36,2026-06-18,BMO Field,20,23.76,83
37,2026-06-18,BMO Field,21,23.613333333333337,83
38,2026-06-18,BMO Field,22,23.79333333333333,83
39,2026-06-18,BMO Field,23,23.06,83
40,2026-06-19,BMO Field,19,24.573333333333338,83
41,2026-06-19,BMO Field,20,23.813333333333333,83
42,2026-06-19,BMO Field,21,23.133333333333336,83
43,2026-06-19,BMO Field,22,22.66666666666667,83
44,2026-06-19,BMO Field,23,22.153333333333332,83
45,2026-06-20,BMO Field,19,25.633333333333336,83
46,2026-06-20,BMO Field,20,25.280000000000005,83
47,2026-06-20,BMO Field,21,24.84666666666667,83
48,2026-06-20,BMO Field,22,24.546666666666667,83
49,2026-06-20,BMO Field,23,24.133333333333333,83
50,2026-06-21,BMO Field,19,27.166666666666668,83
51,2026-06-21,BMO Field,20,26.74,83
52,2026-06-21,BMO Field,21,25.866666666666664,83
53,2026-06-21,BMO Field,22,24.866666666666667,83
54,2026-06-21,BMO Field,23,24.066666666666663,83
55,2026-06-22,BMO Field,19,26.4,83
56,2026-06-22,BMO Field,20,25.28666666666667,83
57,2026-06-22,BMO Field,21,24.15333333333334,83
58,2026-06-22,BMO Field,22,23.453333333333337,83
59,2026-06-22,BMO Field,23,23.306666666666665,83
60,2026-06-23,BMO Field,19,26.7,83
61,2026-06-23,BMO Field,20,26.186666666666664,83
62,2026-06-23,BMO Field,21,25.19333333333333,83
63,2026-06-23,BMO Field,22,24.313333333333333,83
64,2026-06-23,BMO Field,23,23.626666666666665,83
65,2026-06-24,BMO Field,19,27.853333333333335,83
66,2026-06-24,BMO Field,20,27.573333333333338,83
67,2026-06-24,BMO Field,21,27.173333333333336,83
68,2026-06-24,BMO Field,22,26.920000000000005,83
69,2026-06-24,BMO Field,23,26.3,83
70,2026-06-25,BMO Field,19,27.299999999999997,83
71,2026-06-25,BMO Field,20,27.153333333333332,83
72,2026-06-25,BMO Field,21,26.486666666666665,83
73,2026-06-25,BMO Field,22,25.813333333333333,83
74,2026-06-25,BMO Field,23,24.973333333333333,83
75,2026-06-26,BMO Field,19,24.30666666666667,83
76,2026-06-26,BMO Field,20,24.04666666666667,83
77,2026-06-26,BMO Field,21,24.013333333333332,83
78,2026-06-26,BMO Field,22,23.80666666666667,83
79,2026-06-26,BMO Field,23,23.473333333333336,83
80,2026-06-27,BMO Field,19,24.039999999999996,83
81,2026-06-27,BMO Field,20,23.72,83
82,2026-06-27,BMO Field,21,22.993333333333332,83
83,2026-06-27,BMO Field,22,22.06,83
84,2026-06-27,BMO Field,23,21.26,83
85,2026-06-11,MetLife Stadium,19,22.773333333333333,4
86,2026-06-11,MetLife Stadium,20,22.473333333333336,4
87,2026-06-11,MetLife Stadium,21,22.273333333333333,4
88,2026-06-11,MetLife Stadium,22,21.986666666666668,4
89,2026-06-11,MetLife Stadium,23,21.646666666666665,4
90,2026-06-11,MetLife Stadium,0,21.173333333333336,4
91,2026-06-12,MetLife Stadium,19,24.4,4
92,2026-06-12,MetLife Stadium,20,24.033333333333328,4
93,2026-06-12,MetLife Stadium,21,23.55333333333333,4
94,2026-06-12,MetLife Stadium,22,22.98,4
95,2026-06-12,MetLife Stadium,23,22.606666666666673,4
96,2026-06-12,MetLife Stadium,0,22.160000000000004,4
97,2026-06-13,MetLife Stadium,19,26.006666666666668,4
98,2026-06-13,MetLife Stadium,20,25.100000000000005,4
99,2026-06-13,MetLife Stadium,21,24.64,4
100,2026-06-13,MetLife Stadium,22,23.98,4
101,2026-06-13,MetLife Stadium,23,23.086666666666662,4
102,2026-06-13,MetLife Stadium,0,22.053333333333335,4
103,2026-06-14,MetLife Stadium,19,22.433333333333337,4
104,2026-06-14,MetLife Stadium,20,22.833333333333332,4
105,2026-06-14,MetLife Stadium,21,22.706666666666667,4
106,2026-06-14,MetLife Stadium,22,22.2,4
107,2026-06-14,MetLife Stadium,23,21.36,4
108,2026-06-14,MetLife Stadium,0,20.679999999999996,4
109,2026-06-15,MetLife Stadium,19,23.393333333333334,4
110,2026-06-15,MetLife Stadium,20,23.046666666666667,4
111,2026-06-15,MetLife Stadium,21,22.44,4
112,2026-06-15,MetLife Stadium,22,21.953333333333333,4
113,2026-06-15,MetLife Stadium,23,21.366666666666667,4
114,2026-06-15,MetLife Stadium,0,20.5,4
115,2026-06-16,MetLife Stadium,19,21.233333333333334,4
116,2026-06-16,MetLife Stadium,20,20.78,4
117,2026-06-16,MetLife Stadium,21,20.326666666666668,4
118,2026-06-16,MetLife Stadium,22,20.1,4
119,2026-06-16,MetLife Stadium,23,19.706666666666663,4
120,2026-06-16,MetLife Stadium,0,19.19333333333333,4
121,2026-06-17,MetLife Stadium,19,25.206666666666667,4
122,2026-06-17,MetLife Stadium,20,24.346666666666668,4
123,2026-06-17,MetLife Stadium,21,23.76,4
124,2026-06-17,MetLife Stadium,22,23.306666666666665,4
125,2026-06-17,MetLife Stadium,23,22.86,4
126,2026-06-17,MetLife Stadium,0,22.09333333333333,4
127,2026-06-18,MetLife Stadium,19,26.14,4
128,2026-06-18,MetLife Stadium,20,25.386666666666663,4
129,2026-06-18,MetLife Stadium,21,24.293333333333333,4
130,2026-06-18,MetLife Stadium,22,23.286666666666672,4
131,2026-06-18,MetLife Stadium,23,22.666666666666668,4
132,2026-06-18,MetLife Stadium,0,21.973333333333336,4
133,2026-06-19,MetLife Stadium,19,28.1,4
134,2026-06-19,MetLife Stadium,20,27.199999999999996,4
135,2026-06-19,MetLife Stadium,21,26.226666666666667,4
136,2026-06-19,MetLife Stadium,22,24.90666666666667,4
137,2026-06-19,MetLife Stadium,23,23.613333333333337,4
138,2026-06-19,MetLife Stadium,0,22.38,4
139,2026-06-20,MetLife Stadium,19,28.313333333333336,4
140,2026-06-20,MetLife Stadium,20,27.566666666666663,4
141,2026-06-20,MetLife Stadium,21,26.7,4
142,2026-06-20,MetLife Stadium,22,25.953333333333333,4
143,2026-06-20,MetLife Stadium,23,25.113333333333333,4
144,2026-06-20,MetLife Stadium,0,24.326666666666664,4
145,2026-06-21,MetLife Stadium,19,28.90666666666667,4
146,2026-06-21,MetLife Stadium,20,28.0,4
147,2026-06-21,MetLife Stadium,21,26.893333333333334,4
148,2026-06-21,MetLife Stadium,22,26.113333333333333,4
149,2026-06-21,MetLife Stadium,23,25.54666666666667,4
150,2026-06-21,MetLife Stadium,0,24.993333333333336,4
151,2026-06-22,MetLife Stadium,19,24.613333333333333,4
152,2026-06-22,MetLife Stadium,20,24.56,4
153,2026-06-22,MetLife Stadium,21,24.446666666666665,4
154,2026-06-22,MetLife Stadium,22,24.16,4
155,2026-06-22,MetLife Stadium,23,23.880000000000003,4
156,2026-06-22,MetLife Stadium,0,23.626666666666665,4
157,2026-06-23,MetLife Stadium,19,28.76,4
158,2026-06-23,MetLife Stadium,20,28.573333333333338,4
159,2026-06-23,MetLife Stadium,21,28.340000000000007,4
160,2026-06-23,MetLife Stadium,22,27.86666666666667,4
161,2026-06-23,MetLife Stadium,23,27.473333333333336,4
162,2026-06-23,MetLife Stadium,0,26.553333333333335,4
163,2026-06-24,MetLife Stadium,19,27.173333333333332,4
164,2026-06-24,MetLife Stadium,20,26.433333333333337,4
165,2026-06-24,MetLife Stadium,21,25.613333333333333,4
166,2026-06-24,MetLife Stadium,22,25.12666666666667,4
167,2026-06-24,MetLife Stadium,23,24.87333333333333,4
168,2026-06-24,MetLife Stadium,0,24.6,4
169,2026-06-25,MetLife Stadium,19,31.99333333333333,4
170,2026-06-25,MetLife Stadium,20,30.866666666666667,4
171,2026-06-25,MetLife Stadium,21,29.69333333333334,4
172,2026-06-25,MetLife Stadium,22,28.64666666666667,4
173,2026-06-25,MetLife Stadium,23,28.28666666666667,4
174,2026-06-25,MetLife Stadium,0,27.32,4
175,2026-06-26,MetLife Stadium,19,29.826666666666668,4
176,2026-06-26,MetLife Stadium,20,28.813333333333333,4
177,2026-06-26,MetLife Stadium,21,27.626666666666665,4
178,2026-06-26,MetLife Stadium,22,26.493333333333332,4
179,2026-06-26,MetLife Stadium,23,25.866666666666664,4
180,2026-06-26,MetLife Stadium,0,24.973333333333333,4
181,2026-06-27,MetLife Stadium,19,27.326666666666664,4
182,2026-06-27,MetLife Stadium,20,27.079999999999995,4
183,2026-06-27,MetLife Stadium,21,26.83333333333333,4
184,2026-06-27,MetLife Stadium,22,26.359999999999996,4
185,2026-06-27,MetLife Stadium,23,25.70666666666666,4
186,2026-06-27,MetLife Stadium,0,24.739999999999995,4
187,2026-06-11,NRG Stadium,17,35.406666666666666,14
188,2026-06-11,NRG Stadium,18,36.78666666666667,14
189,2026-06-11,NRG Stadium,19,37.49999999999999,14
190,2026-06-11,NRG Stadium,20,37.34,14
191,2026-06-11,NRG Stadium,21,36.693333333333335,14
192,2026-06-11,NRG Stadium,22,35.85333333333333,14
193,2026-06-11,NRG Stadium,23,35.02,14
194,2026-06-11,NRG Stadium,0,33.7,14
195,2026-06-12,NRG Stadium,17,35.03333333333333,14
196,2026-06-12,NRG Stadium,18,36.45333333333333,14
197,2026-06-12,NRG Stadium,19,37.29999999999999,14
198,2026-06-12,NRG Stadium,20,37.326666666666675,14
199,2026-06-12,NRG Stadium,21,36.826666666666675,14
200,2026-06-12,NRG Stadium,22,35.96,14
201,2026-06-12,NRG Stadium,23,34.919999999999995,14
202,2026-06-12,NRG Stadium,0,33.52,14
203,2026-06-13,NRG Stadium,17,36.266666666666666,14
204,2026-06-13,NRG Stadium,18,37.1,14
205,2026-06-13,NRG Stadium,19,37.55333333333333,14
206,2026-06-13,NRG Stadium,20,37.580000000000005,14
207,2026-06-13,NRG Stadium,21,36.88666666666666,14
208,2026-06-13,NRG Stadium,22,35.77333333333333,14
209,2026-06-13,NRG Stadium,23,34.466666666666676,14
210,2026-06-13,NRG Stadium,0,33.06,14
211,2026-06-14,NRG Stadium,17,35.626666666666665,14
212,2026-06-14,NRG Stadium,18,36.75333333333333,14
213,2026-06-14,NRG Stadium,19,37.373333333333335,14
214,2026-06-14,NRG Stadium,20,37.373333333333335,14
215,2026-06-14,NRG Stadium,21,37.006666666666675,14
216,2026-06-14,NRG Stadium,22,36.28666666666667,14
217,2026-06-14,NRG Stadium,23,35.49333333333333,14
218,2026-06-14,NRG Stadium,0,34.586666666666666,14
219,2026-06-15,NRG Stadium,17,37.18,14
220,2026-06-15,NRG Stadium,18,37.9,14
221,2026-06-15,NRG Stadium,19,38.17999999999999,14
222,2026-06-15,NRG Stadium,20,37.373333333333335,14
223,2026-06-15,NRG Stadium,21,36.4,14
224,2026-06-15,NRG Stadium,22,35.05333333333333,14
225,2026-06-15,NRG Stadium,23,33.77333333333333,14
226,2026-06-15,NRG Stadium,0,32.58,14
227,2026-06-16,NRG Stadium,17,37.03333333333333,14
228,2026-06-16,NRG Stadium,18,37.86,14
229,2026-06-16,NRG Stadium,19,38.46666666666667,14
230,2026-06-16,NRG Stadium,20,38.02,14
231,2026-06-16,NRG Stadium,21,36.919999999999995,14
232,2026-06-16,NRG Stadium,22,35.70666666666667,14
233,2026-06-16,NRG Stadium,23,35.02666666666667,14
234,2026-06-16,NRG Stadium,0,34.50000000000001,14
235,2026-06-17,NRG Stadium,17,36.35333333333333,14
236,2026-06-17,NRG Stadium,18,36.38666666666666,14
237,2026-06-17,NRG Stadium,19,36.51333333333333,14
238,2026-06-17,NRG Stadium,20,36.593333333333334,14
239,2026-06-17,NRG Stadium,21,36.419999999999995,14
240,2026-06-17,NRG Stadium,22,35.440000000000005,14
241,2026-06-17,NRG Stadium,23,34.58,14
242,2026-06-17,NRG Stadium,0,33.733333333333334,14
243,2026-06-18,NRG Stadium,17,35.29333333333333,14
244,2026-06-18,NRG Stadium,18,35.86,14
245,2026-06-18,NRG Stadium,19,36.49333333333334,14
246,2026-06-18,NRG Stadium,20,36.68,14
247,2026-06-18,NRG Stadium,21,36.266666666666666,14
248,2026-06-18,NRG Stadium,22,35.153333333333336,14
249,2026-06-18,NRG Stadium,23,34.19333333333334,14
250,2026-06-18,NRG Stadium,0,33.58,14
251,2026-06-19,NRG Stadium,17,36.28666666666667,14
252,2026-06-19,NRG Stadium,18,37.38666666666666,14
253,2026-06-19,NRG Stadium,19,37.85333333333333,14
254,2026-06-19,NRG Stadium,20,37.61333333333333,14
255,2026-06-19,NRG Stadium,21,36.74000000000001,14
256,2026-06-19,NRG Stadium,22,35.70666666666667,14
257,2026-06-19,NRG Stadium,23,34.586666666666666,14
258,2026-06-19,NRG Stadium,0,33.74666666666666,14
259,2026-06-20,NRG Stadium,17,36.67999999999999,14
260,2026-06-20,NRG Stadium,18,37.15333333333333,14
261,2026-06-20,NRG Stadium,19,37.03333333333333,14
262,2026-06-20,NRG Stadium,20,37.29333333333333,14
263,2026-06-20,NRG Stadium,21,36.62,14
264,2026-06-20,NRG Stadium,22,35.74,14
265,2026-06-20,NRG Stadium,23,34.50666666666667,14
266,2026-06-20,NRG Stadium,0,33.580000000000005,14
267,2026-06-21,NRG Stadium,17,35.41333333333333,14
268,2026-06-21,NRG Stadium,18,35.919999999999995,14
269,2026-06-21,NRG Stadium,19,36.37333333333333,14
270,2026-06-21,NRG Stadium,20,35.8,14
271,2026-06-21,NRG Stadium,21,35.166666666666664,14
272,2026-06-21,NRG Stadium,22,34.34,14
273,2026-06-21,NRG Stadium,23,33.846666666666664,14
274,2026-06-21,NRG Stadium,0,33.339999999999996,14
275,2026-06-22,NRG Stadium,17,36.28666666666666,14
276,2026-06-22,NRG Stadium,18,36.78,14
277,2026-06-22,NRG Stadium,19,37.19333333333334,14
278,2026-06-22,NRG Stadium,20,36.82666666666667,14
279,2026-06-22,NRG Stadium,21,35.913333333333334,14
280,2026-06-22,NRG Stadium,22,34.699999999999996,14
281,2026-06-22,NRG Stadium,23,34.02666666666667,14
282,2026-06-22,NRG Stadium,0,33.61333333333334,14
283,2026-06-23,NRG Stadium,17,36.726666666666674,14
284,2026-06-23,NRG Stadium,18,37.78666666666667,14
285,2026-06-23,NRG Stadium,19,38.18666666666668,14
286,2026-06-23,NRG Stadium,20,37.96000000000001,14
287,2026-06-23,NRG Stadium,21,37.306666666666665,14
288,2026-06-23,NRG Stadium,22,36.50666666666667,14
289,2026-06-23,NRG Stadium,23,35.45333333333333,14
290,2026-06-23,NRG Stadium,0,34.7,14
291,2026-06-24,NRG Stadium,17,37.07333333333334,14
292,2026-06-24,NRG Stadium,18,38.059999999999995,14
293,2026-06-24,NRG Stadium,19,38.50666666666666,14
294,2026-06-24,NRG Stadium,20,38.15333333333333,14
295,2026-06-24,NRG Stadium,21,37.48,14
296,2026-06-24,NRG Stadium,22,36.48666666666667,14
297,2026-06-24,NRG Stadium,23,35.55333333333333,14
298,2026-06-24,NRG Stadium,0,34.63333333333333,14
299,2026-06-25,NRG Stadium,17,36.28,14
300,2026-06-25,NRG Stadium,18,37.06666666666668,14
301,2026-06-25,NRG Stadium,19,37.42666666666666,14
302,2026-06-25,NRG Stadium,20,37.29333333333333,14
303,2026-06-25,NRG Stadium,21,36.66,14
304,2026-06-25,NRG Stadium,22,35.673333333333325,14
305,2026-06-25,NRG Stadium,23,34.986666666666665,14
306,2026-06-25,NRG Stadium,0,34.193333333333335,14
307,2026-06-26,NRG Stadium,17,37.68666666666666,14
308,2026-06-26,NRG Stadium,18,38.486666666666665,14
309,2026-06-26,NRG Stadium,19,38.24666666666667,14
310,2026-06-26,NRG Stadium,20,37.54666666666667,14
311,2026-06-26,NRG Stadium,21,36.919999999999995,14
312,2026-06-26,NRG Stadium,22,36.18,14
313,2026-06-26,NRG Stadium,23,35.413333333333334,14
314,2026-06-26,NRG Stadium,0,34.46,14
315,2026-06-27,NRG Stadium,17,36.65333333333333,14
316,2026-06-27,NRG Stadium,18,37.85333333333334,14
317,2026-06-27,NRG Stadium,19,38.47333333333333,14
318,2026-06-27,NRG Stadium,20,38.32000000000001,14
319,2026-06-27,NRG Stadium,21,37.49333333333334,14
320,2026-06-27,NRG Stadium,22,36.373333333333335,14
321,2026-06-27,NRG Stadium,23,35.29333333333334,14
322,2026-06-27,NRG Stadium,0,34.406666666666666,14
323,2026-06-11,Estadio Akron,0,25.553333333333335,1665
324,2026-06-11,Estadio Akron,1,23.8,1665
325,2026-06-11,Estadio Akron,2,22.553333333333335,1665
326,2026-06-12,Estadio Akron,0,24.18,1665
327,2026-06-12,Estadio Akron,1,23.206666666666667,1665
328,2026-06-12,Estadio Akron,2,22.14,1665
329,2026-06-13,Estadio Akron,0,24.886666666666667,1665
330,2026-06-13,Estadio Akron,1,23.173333333333332,1665
331,2026-06-13,Estadio Akron,2,21.65333333333333,1665
332,2026-06-14,Estadio Akron,0,24.913333333333338,1665
333,2026-06-14,Estadio Akron,1,23.486666666666668,1665
334,2026-06-14,Estadio Akron,2,22.040000000000006,1665
335,2026-06-15,Estadio Akron,0,25.32,1665
336,2026-06-15,Estadio Akron,1,23.73333333333333,1665
337,2026-06-15,Estadio Akron,2,22.126666666666665,1665
338,2026-06-16,Estadio Akron,0,25.22666666666667,1665
339,2026-06-16,Estadio Akron,1,23.546666666666667,1665
340,2026-06-16,Estadio Akron,2,22.180000000000003,1665
341,2026-06-17,Estadio Akron,0,24.606666666666666,1665
342,2026-06-17,Estadio Akron,1,23.62,1665
343,2026-06-17,Estadio Akron,2,22.639999999999997,1665
344,2026-06-18,Estadio Akron,0,24.966666666666665,1665
345,2026-06-18,Estadio Akron,1,23.466666666666665,1665
346,2026-06-18,Estadio Akron,2,22.16666666666667,1665
347,2026-06-19,Estadio Akron,0,23.660000000000004,1665
348,2026-06-19,Estadio Akron,1,22.460000000000004,1665
349,2026-06-19,Estadio Akron,2,21.139999999999997,1665
350,2026-06-20,Estadio Akron,0,23.360000000000003,1665
351,2026-06-20,Estadio Akron,1,22.253333333333337,1665
352,2026-06-20,Estadio Akron,2,20.94666666666667,1665
353,2026-06-21,Estadio Akron,0,24.213333333333328,1665
354,2026-06-21,Estadio Akron,1,23.066666666666663,1665
355,2026-06-21,Estadio Akron,2,21.78666666666667,1665
356,2026-06-22,Estadio Akron,0,23.680000000000003,1665
357,2026-06-22,Estadio Akron,1,22.593333333333337,1665
358,2026-06-22,Estadio Akron,2,21.606666666666666,1665
359,2026-06-23,Estadio Akron,0,22.586666666666662,1665
360,2026-06-23,Estadio Akron,1,21.673333333333336,1665
361,2026-06-23,Estadio Akron,2,20.966666666666665,1665
362,2026-06-24,Estadio Akron,0,22.28666666666667,1665
363,2026-06-24,Estadio Akron,1,21.31333333333333,1665
364,2026-06-24,Estadio Akron,2,20.16,1665
365,2026-06-25,Estadio Akron,0,22.233333333333334,1665
366,2026-06-25,Estadio Akron,1,21.286666666666672,1665
367,2026-06-25,Estadio Akron,2,20.42,1665
368,2026-06-26,Estadio Akron,0,21.293333333333333,1665
369,2026-06-26,Estadio Akron,1,20.58,1665
370,2026-06-26,Estadio Akron,2,19.69333333333333,1665
371,2026-06-27,Estadio Akron,0,22.013333333333332,1665
372,2026-06-27,Estadio Akron,1,20.76,1665
373,2026-06-27,Estadio Akron,2,19.68,1665
374,2026-06-11,Arrowhead Stadium,23,29.766666666666666,259
375,2026-06-11,Arrowhead Stadium,0,28.873333333333335,259
376,2026-06-11,Arrowhead Stadium,1,27.546666666666667,259
377,2026-06-11,Arrowhead Stadium,2,26.39333333333333,259
378,2026-06-12,Arrowhead Stadium,23,28.906666666666663,259
379,2026-06-12,Arrowhead Stadium,0,28.28,259
380,2026-06-12,Arrowhead Stadium,1,27.5,259
381,2026-06-12,Arrowhead Stadium,2,26.25999999999999,259
382,2026-06-13,Arrowhead Stadium,23,30.953333333333337,259
383,2026-06-13,Arrowhead Stadium,0,30.180000000000003,259
384,2026-06-13,Arrowhead Stadium,1,29.22000000000001,259
385,2026-06-13,Arrowhead Stadium,2,27.340000000000007,259
386,2026-06-14,Arrowhead Stadium,23,32.00666666666667,259
387,2026-06-14,Arrowhead Stadium,0,31.18,259
388,2026-06-14,Arrowhead Stadium,1,29.94,259
389,2026-06-14,Arrowhead Stadium,2,28.42,259
390,2026-06-15,Arrowhead Stadium,23,31.459999999999997,259
391,2026-06-15,Arrowhead Stadium,0,30.26,259
392,2026-06-15,Arrowhead Stadium,1,28.75333333333333,259
393,2026-06-15,Arrowhead Stadium,2,27.07999999999999,259
394,2026-06-16,Arrowhead Stadium,23,33.34,259
395,2026-06-16,Arrowhead Stadium,0,32.24666666666666,259
396,2026-06-16,Arrowhead Stadium,1,30.26,259
397,2026-06-16,Arrowhead Stadium,2,28.74666666666667,259
398,2026-06-17,Arrowhead Stadium,23,33.36666666666667,259
399,2026-06-17,Arrowhead Stadium,0,32.093333333333334,259
400,2026-06-17,Arrowhead Stadium,1,30.526666666666664,259
401,2026-06-17,Arrowhead Stadium,2,28.733333333333334,259
402,2026-06-18,Arrowhead Stadium,23,31.12666666666667,259
403,2026-06-18,Arrowhead Stadium,0,30.026666666666667,259
404,2026-06-18,Arrowhead Stadium,1,29.066666666666663,259
405,2026-06-18,Arrowhead Stadium,2,27.78,259
406,2026-06-19,Arrowhead Stadium,23,30.826666666666668,259
407,2026-06-19,Arrowhead Stadium,0,30.08666666666667,259
408,2026-06-19,Arrowhead Stadium,1,29.72666666666667,259
409,2026-06-19,Arrowhead Stadium,2,28.766666666666666,259
410,2026-06-20,Arrowhead Stadium,23,33.653333333333336,259
411,2026-06-20,Arrowhead Stadium,0,32.64666666666667,259
412,2026-06-20,Arrowhead Stadium,1,31.393333333333334,259
413,2026-06-20,Arrowhead Stadium,2,29.766666666666666,259
414,2026-06-21,Arrowhead Stadium,23,30.040000000000003,259
415,2026-06-21,Arrowhead Stadium,0,29.253333333333337,259
416,2026-06-21,Arrowhead Stadium,1,28.30666666666667,259
417,2026-06-21,Arrowhead Stadium,2,27.586666666666662,259
418,2026-06-22,Arrowhead Stadium,23,30.226666666666663,259
419,2026-06-22,Arrowhead Stadium,0,29.486666666666665,259
420,2026-06-22,Arrowhead Stadium,1,28.56,259
421,2026-06-22,Arrowhead Stadium,2,27.62,259
422,2026-06-23,Arrowhead Stadium,23,31.92,259
423,2026-06-23,Arrowhead Stadium,0,31.193333333333335,259
424,2026-06-23,Arrowhead Stadium,1,30.386666666666667,259
425,2026-06-23,Arrowhead Stadium,2,29.326666666666668,259
426,2026-06-24,Arrowhead Stadium,23,34.306666666666665,259
427,2026-06-24,Arrowhead Stadium,0,32.92666666666667,259
428,2026-06-24,Arrowhead Stadium,1,31.34666666666667,259
429,2026-06-24,Arrowhead Stadium,2,30.280000000000005,259
430,2026-06-25,Arrowhead Stadium,23,31.90666666666667,259
431,2026-06-25,Arrowhead Stadium,0,30.646666666666665,259
432,2026-06-25,Arrowhead Stadium,1,29.68,259
433,2026-06-25,Arrowhead Stadium,2,28.606666666666666,259
434,2026-06-26,Arrowhead Stadium,23,28.04666666666667,259
435,2026-06-26,Arrowhead Stadium,0,27.793333333333337,259
436,2026-06-26,Arrowhead Stadium,1,27.186666666666667,259
437,2026-06-26,Arrowhead Stadium,2,26.346666666666668,259
438,2026-06-27,Arrowhead Stadium,23,29.913333333333338,259
439,2026-06-27,Arrowhead Stadium,0,28.639999999999997,259
440,2026-06-27,Arrowhead Stadium,1,27.293333333333333,259
441,2026-06-27,Arrowhead Stadium,2,26.066666666666663,259
442,2026-06-11,Estadio Azteca,19,25.286666666666655,2251
443,2026-06-11,Estadio Azteca,20,25.306666666666665,2251
444,2026-06-11,Estadio Azteca,21,24.339999999999996,2251
445,2026-06-11,Estadio Azteca,22,22.799999999999994,2251
446,2026-06-11,Estadio Azteca,23,21.253333333333337,2251
447,2026-06-11,Estadio Azteca,0,20.16666666666667,2251
448,2026-06-11,Estadio Azteca,1,18.953333333333333,2251
449,2026-06-11,Estadio Azteca,2,17.973333333333336,2251
450,2026-06-12,Estadio Azteca,19,24.13333333333333,2251
451,2026-06-12,Estadio Azteca,20,24.293333333333337,2251
452,2026-06-12,Estadio Azteca,21,23.88,2251
453,2026-06-12,Estadio Azteca,22,22.646666666666665,2251
454,2026-06-12,Estadio Azteca,23,21.166666666666664,2251
455,2026-06-12,Estadio Azteca,0,19.66,2251
456,2026-06-12,Estadio Azteca,1,18.719999999999995,2251
457,2026-06-12,Estadio Azteca,2,17.813333333333333,2251
458,2026-06-13,Estadio Azteca,19,24.1,2251
459,2026-06-13,Estadio Azteca,20,24.24,2251
460,2026-06-13,Estadio Azteca,21,23.546666666666667,2251
461,2026-06-13,Estadio Azteca,22,23.06,2251
462,2026-06-13,Estadio Azteca,23,21.926666666666662,2251
463,2026-06-13,Estadio Azteca,0,20.673333333333336,2251
464,2026-06-13,Estadio Azteca,1,19.0,2251
465,2026-06-13,Estadio Azteca,2,17.666666666666668,2251
466,2026-06-14,Estadio Azteca,19,24.293333333333337,2251
467,2026-06-14,Estadio Azteca,20,24.799999999999997,2251
468,2026-06-14,Estadio Azteca,21,24.206666666666663,2251
469,2026-06-14,Estadio Azteca,22,22.733333333333334,2251
470,2026-06-14,Estadio Azteca,23,21.366666666666667,2251
471,2026-06-14,Estadio Azteca,0,19.860000000000003,2251
472,2026-06-14,Estadio Azteca,1,18.8,2251
473,2026-06-14,Estadio Azteca,2,17.813333333333336,2251
474,2026-06-15,Estadio Azteca,19,24.413333333333338,2251
475,2026-06-15,Estadio Azteca,20,24.166666666666668,2251
476,2026-06-15,Estadio Azteca,21,23.659999999999993,2251
477,2026-06-15,Estadio Azteca,22,22.466666666666665,2251
478,2026-06-15,Estadio Azteca,23,21.48,2251
479,2026-06-15,Estadio Azteca,0,20.346666666666668,2251
480,2026-06-15,Estadio Azteca,1,19.273333333333333,2251
481,2026-06-15,Estadio Azteca,2,17.913333333333338,2251
482,2026-06-16,Estadio Azteca,19,24.186666666666667,2251
483,2026-06-16,Estadio Azteca,20,24.040000000000003,2251
484,2026-06-16,Estadio Azteca,21,23.12666666666667,2251
485,2026-06-16,Estadio Azteca,22,21.913333333333338,2251
486,2026-06-16,Estadio Azteca,23,20.90666666666667,2251
487,2026-06-16,Estadio Azteca,0,19.973333333333333,2251
488,2026-06-16,Estadio Azteca,1,19.026666666666664,2251
489,2026-06-16,Estadio Azteca,2,17.986666666666668,2251
490,2026-06-17,Estadio Azteca,19,23.773333333333333,2251
491,2026-06-17,Estadio Azteca,20,23.959999999999997,2251
492,2026-06-17,Estadio Azteca,21,23.62666666666667,2251
493,2026-06-17,Estadio Azteca,22,22.513333333333335,2251
494,2026-06-17,Estadio Azteca,23,20.87333333333334,2251
495,2026-06-17,Estadio Azteca,0,19.44666666666667,2251
496,2026-06-17,Estadio Azteca,1,18.22,2251
497,2026-06-17,Estadio Azteca,2,17.453333333333333,2251
498,2026-06-18,Estadio Azteca,19,22.966666666666665,2251
499,2026-06-18,Estadio Azteca,20,23.100000000000005,2251
500,2026-06-18,Estadio Azteca,21,22.72000000000001,2251
501,2026-06-18,Estadio Azteca,22,22.053333333333335,2251
502,2026-06-18,Estadio Azteca,23,20.72,2251
503,2026-06-18,Estadio Azteca,0,19.113333333333333,2251
504,2026-06-18,Estadio Azteca,1,17.77333333333333,2251
505,2026-06-18,Estadio Azteca,2,16.926666666666666,2251
506,2026-06-19,Estadio Azteca,19,23.38666666666666,2251
507,2026-06-19,Estadio Azteca,20,23.44,2251
508,2026-06-19,Estadio Azteca,21,22.793333333333337,2251
509,2026-06-19,Estadio Azteca,22,21.686666666666667,2251
510,2026-06-19,Estadio Azteca,23,20.30666666666667,2251
511,2026-06-19,Estadio Azteca,0,19.006666666666668,2251
512,2026-06-19,Estadio Azteca,1,17.886666666666667,2251
513,2026-06-19,Estadio Azteca,2,17.1,2251
514,2026-06-20,Estadio Azteca,19,24.753333333333337,2251
515,2026-06-20,Estadio Azteca,20,24.56,2251
516,2026-06-20,Estadio Azteca,21,23.586666666666662,2251
517,2026-06-20,Estadio Azteca,22,22.473333333333333,2251
518,2026-06-20,Estadio Azteca,23,21.426666666666662,2251
519,2026-06-20,Estadio Azteca,0,20.46,2251
520,2026-06-20,Estadio Azteca,1,19.433333333333337,2251
521,2026-06-20,Estadio Azteca,2,18.053333333333335,2251
522,2026-06-21,Estadio Azteca,19,22.833333333333332,2251
523,2026-06-21,Estadio Azteca,20,22.979999999999997,2251
524,2026-06-21,Estadio Azteca,21,22.38,2251
525,2026-06-21,Estadio Azteca,22,21.44,2251
526,2026-06-21,Estadio Azteca,23,20.28666666666667,2251
527,2026-06-21,Estadio Azteca,0,19.453333333333337,2251
528,2026-06-21,Estadio Azteca,1,18.413333333333338,2251
529,2026-06-21,Estadio Azteca,2,17.413333333333334,2251
530,2026-06-22,Estadio Azteca,19,23.160000000000007,2251
531,2026-06-22,Estadio Azteca,20,23.10666666666667,2251
532,2026-06-22,Estadio Azteca,21,22.086666666666662,2251
533,2026-06-22,Estadio Azteca,22,20.373333333333335,2251
534,2026-06-22,Estadio Azteca,23,18.966666666666672,2251
535,2026-06-22,Estadio Azteca,0,17.84,2251
536,2026-06-22,Estadio Azteca,1,17.186666666666664,2251
537,2026-06-22,Estadio Azteca,2,16.653333333333332,2251
538,2026-06-23,Estadio Azteca,19,22.066666666666663,2251
539,2026-06-23,Estadio Azteca,20,21.646666666666665,2251
540,2026-06-23,Estadio Azteca,21,21.166666666666668,2251
541,2026-06-23,Estadio Azteca,22,20.85333333333333,2251
542,2026-06-23,Estadio Azteca,23,20.413333333333338,2251
543,2026-06-23,Estadio Azteca,0,19.366666666666664,2251
544,2026-06-23,Estadio Azteca,1,18.273333333333333,2251
545,2026-06-23,Estadio Azteca,2,17.073333333333334,2251
546,2026-06-24,Estadio Azteca,19,22.24666666666667,2251
547,2026-06-24,Estadio Azteca,20,22.28666666666667,2251
548,2026-06-24,Estadio Azteca,21,21.413333333333338,2251
549,2026-06-24,Estadio Azteca,22,20.086666666666662,2251
550,2026-06-24,Estadio Azteca,23,18.986666666666668,2251
551,2026-06-24,Estadio Azteca,0,18.72666666666667,2251
552,2026-06-24,Estadio Azteca,1,18.2,2251
553,2026-06-24,Estadio Azteca,2,17.186666666666667,2251
554,2026-06-25,Estadio Azteca,19,21.73333333333333,2251
555,2026-06-25,Estadio Azteca,20,21.853333333333335,2251
556,2026-06-25,Estadio Azteca,21,21.233333333333327,2251
557,2026-06-25,Estadio Azteca,22,20.066666666666663,2251
558,2026-06-25,Estadio Azteca,23,18.76,2251
559,2026-06-25,Estadio Azteca,0,17.693333333333335,2251
560,2026-06-25,Estadio Azteca,1,16.7,2251
561,2026-06-25,Estadio Azteca,2,15.533333333333331,2251
562,2026-06-26,Estadio Azteca,19,20.493333333333332,2251
563,2026-06-26,Estadio Azteca,20,20.533333333333335,2251
564,2026-06-26,Estadio Azteca,21,20.15333333333333,2251
565,2026-06-26,Estadio Azteca,22,19.459999999999994,2251
566,2026-06-26,Estadio Azteca,23,18.399999999999995,2251
567,2026-06-26,Estadio Azteca,0,17.42,2251
568,2026-06-26,Estadio Azteca,1,16.666666666666668,2251
569,2026-06-26,Estadio Azteca,2,15.733333333333333,2251
570,2026-06-27,Estadio Azteca,19,21.466666666666665,2251
571,2026-06-27,Estadio Azteca,20,21.4,2251
572,2026-06-27,Estadio Azteca,21,21.066666666666663,2251
573,2026-06-27,Estadio Azteca,22,20.213333333333335,2251
574,2026-06-27,Estadio Azteca,23,19.14,2251
575,2026-06-27,Estadio Azteca,0,17.84666666666667,2251
576,2026-06-27,Estadio Azteca,1,16.8,2251
577,2026-06-27,Estadio Azteca,2,15.939999999999998,2251
578,2026-06-11,Gillette Stadium,19,22.42,84
579,2026-06-11,Gillette Stadium,20,21.833333333333332,84
580,2026-06-11,Gillette Stadium,21,21.62,84
581,2026-06-11,Gillette Stadium,22,21.233333333333334,84
582,2026-06-11,Gillette Stadium,23,20.486666666666665,84
583,2026-06-11,Gillette Stadium,0,19.219999999999995,84
584,2026-06-11,Gillette Stadium,1,18.1,84
585,2026-06-12,Gillette Stadium,19,22.97333333333334,84
586,2026-06-12,Gillette Stadium,20,22.44666666666667,84
587,2026-06-12,Gillette Stadium,21,21.69333333333333,84
588,2026-06-12,Gillette Stadium,22,21.2,84
589,2026-06-12,Gillette Stadium,23,20.533333333333335,84
590,2026-06-12,Gillette Stadium,0,19.66,84
591,2026-06-12,Gillette Stadium,1,18.540000000000003,84
592,2026-06-13,Gillette Stadium,19,26.72000000000001,84
593,2026-06-13,Gillette Stadium,20,25.89333333333333,84
594,2026-06-13,Gillette Stadium,21,24.966666666666665,84
595,2026-06-13,Gillette Stadium,22,23.62,84
596,2026-06-13,Gillette Stadium,23,22.186666666666664,84
597,2026-06-13,Gillette Stadium,0,20.526666666666667,84
598,2026-06-13,Gillette Stadium,1,19.14,84
599,2026-06-14,Gillette Stadium,19,22.2,84
600,2026-06-14,Gillette Stadium,20,21.880000000000003,84
601,2026-06-14,Gillette Stadium,21,21.28,84
602,2026-06-14,Gillette Stadium,22,20.42666666666667,84
603,2026-06-14,Gillette Stadium,23,19.593333333333337,84
604,2026-06-14,Gillette Stadium,0,18.666666666666668,84
605,2026-06-14,Gillette Stadium,1,17.880000000000003,84
606,2026-06-15,Gillette Stadium,19,21.959999999999997,84
607,2026-06-15,Gillette Stadium,20,21.553333333333335,84
608,2026-06-15,Gillette Stadium,21,20.973333333333336,84
609,2026-06-15,Gillette Stadium,22,20.62,84
610,2026-06-15,Gillette Stadium,23,19.94,84
611,2026-06-15,Gillette Stadium,0,18.90666666666667,84
612,2026-06-15,Gillette Stadium,1,17.69333333333333,84
613,2026-06-16,Gillette Stadium,19,22.486666666666668,84
614,2026-06-16,Gillette Stadium,20,21.84666666666666,84
615,2026-06-16,Gillette Stadium,21,20.926666666666662,84
616,2026-06-16,Gillette Stadium,22,19.993333333333332,84
617,2026-06-16,Gillette Stadium,23,19.066666666666663,84
618,2026-06-16,Gillette Stadium,0,17.826666666666664,84
619,2026-06-16,Gillette Stadium,1,16.68666666666667,84
620,2026-06-17,Gillette Stadium,19,23.526666666666664,84
621,2026-06-17,Gillette Stadium,20,23.266666666666666,84
622,2026-06-17,Gillette Stadium,21,22.5,84
623,2026-06-17,Gillette Stadium,22,21.57333333333333,84
624,2026-06-17,Gillette Stadium,23,20.39333333333333,84
625,2026-06-17,Gillette Stadium,0,19.346666666666668,84
626,2026-06-17,Gillette Stadium,1,18.35333333333333,84
627,2026-06-18,Gillette Stadium,19,25.126666666666665,84
628,2026-06-18,Gillette Stadium,20,24.679999999999996,84
629,2026-06-18,Gillette Stadium,21,23.686666666666664,84
630,2026-06-18,Gillette Stadium,22,22.50666666666666,84
631,2026-06-18,Gillette Stadium,23,21.199999999999996,84
632,2026-06-18,Gillette Stadium,0,19.873333333333335,84
633,2026-06-18,Gillette Stadium,1,18.686666666666667,84
634,2026-06-19,Gillette Stadium,19,26.31333333333333,84
635,2026-06-19,Gillette Stadium,20,25.54,84
636,2026-06-19,Gillette Stadium,21,24.726666666666663,84
637,2026-06-19,Gillette Stadium,22,23.666666666666664,84
638,2026-06-19,Gillette Stadium,23,22.4,84
639,2026-06-19,Gillette Stadium,0,21.246666666666663,84
640,2026-06-19,Gillette Stadium,1,20.166666666666668,84
641,2026-06-20,Gillette Stadium,19,27.046666666666663,84
642,2026-06-20,Gillette Stadium,20,26.146666666666665,84
643,2026-06-20,Gillette Stadium,21,25.44,84
644,2026-06-20,Gillette Stadium,22,24.94,84
645,2026-06-20,Gillette Stadium,23,24.139999999999993,84
646,2026-06-20,Gillette Stadium,0,22.66,84
647,2026-06-20,Gillette Stadium,1,21.10666666666667,84
648,2026-06-21,Gillette Stadium,19,25.273333333333333,84
649,2026-06-21,Gillette Stadium,20,24.68666666666666,84
650,2026-06-21,Gillette Stadium,21,24.14,84
651,2026-06-21,Gillette Stadium,22,23.653333333333332,84
652,2026-06-21,Gillette Stadium,23,22.74666666666667,84
653,2026-06-21,Gillette Stadium,0,21.30666666666667,84
654,2026-06-21,Gillette Stadium,1,19.84,84
655,2026-06-22,Gillette Stadium,19,26.24,84
656,2026-06-22,Gillette Stadium,20,25.5,84
657,2026-06-22,Gillette Stadium,21,24.65333333333333,84
658,2026-06-22,Gillette Stadium,22,23.833333333333336,84
659,2026-06-22,Gillette Stadium,23,22.86666666666667,84
660,2026-06-22,Gillette Stadium,0,21.473333333333336,84
661,2026-06-22,Gillette Stadium,1,20.24,84
662,2026-06-23,Gillette Stadium,19,28.699999999999996,84
663,2026-06-23,Gillette Stadium,20,28.186666666666667,84
664,2026-06-23,Gillette Stadium,21,27.306666666666672,84
665,2026-06-23,Gillette Stadium,22,26.053333333333335,84
666,2026-06-23,Gillette Stadium,23,24.713333333333335,84
667,2026-06-23,Gillette Stadium,0,23.56,84
668,2026-06-23,Gillette Stadium,1,22.660000000000004,84
669,2026-06-24,Gillette Stadium,19,28.186666666666664,84
670,2026-06-24,Gillette Stadium,20,27.54666666666667,84
671,2026-06-24,Gillette Stadium,21,26.6,84
672,2026-06-24,Gillette Stadium,22,25.799999999999997,84
673,2026-06-24,Gillette Stadium,23,24.673333333333336,84
674,2026-06-24,Gillette Stadium,0,23.34666666666667,84
675,2026-06-24,Gillette Stadium,1,22.213333333333335,84
676,2026-06-25,Gillette Stadium,19,29.786666666666665,84
677,2026-06-25,Gillette Stadium,20,29.713333333333328,84
678,2026-06-25,Gillette Stadium,21,29.239999999999995,84
679,2026-06-25,Gillette Stadium,22,28.426666666666662,84
680,2026-06-25,Gillette Stadium,23,27.219999999999995,84
681,2026-06-25,Gillette Stadium,0,25.6,84
682,2026-06-25,Gillette Stadium,1,24.073333333333327,84
683,2026-06-26,Gillette Stadium,19,27.5,84
684,2026-06-26,Gillette Stadium,20,26.533333333333335,84
685,2026-06-26,Gillette Stadium,21,25.686666666666667,84
686,2026-06-26,Gillette Stadium,22,25.046666666666667,84
687,2026-06-26,Gillette Stadium,23,24.6,84
688,2026-06-26,Gillette Stadium,0,24.166666666666668,84
689,2026-06-26,Gillette Stadium,1,23.62,84
690,2026-06-27,Gillette Stadium,19,25.89333333333333,84
691,2026-06-27,Gillette Stadium,20,25.42,84
692,2026-06-27,Gillette Stadium,21,25.013333333333332,84
693,2026-06-27,Gillette Stadium,22,24.26,84
694,2026-06-27,Gillette Stadium,23,23.44,84
695,2026-06-27,Gillette Stadium,0,22.48,84
696,2026-06-27,Gillette Stadium,1,21.493333333333332,84
697,2026-06-11,Lincoln Financial Field,20,24.24666666666667,1
698,2026-06-11,Lincoln Financial Field,21,24.09333333333334,1
699,2026-06-11,Lincoln Financial Field,22,23.826666666666668,1
700,2026-06-11,Lincoln Financial Field,23,23.320000000000004,1
701,2026-06-11,Lincoln Financial Field,0,22.34,1
702,2026-06-11,Lincoln Financial Field,1,21.173333333333332,1
703,2026-06-12,Lincoln Financial Field,20,27.493333333333332,1
704,2026-06-12,Lincoln Financial Field,21,26.453333333333333,1
705,2026-06-12,Lincoln Financial Field,22,25.7,1
706,2026-06-12,Lincoln Financial Field,23,25.246666666666663,1
707,2026-06-12,Lincoln Financial Field,0,24.606666666666666,1
708,2026-06-12,Lincoln Financial Field,1,23.546666666666667,1
709,2026-06-13,Lincoln Financial Field,20,28.22,1
710,2026-06-13,Lincoln Financial Field,21,27.86666666666667,1
711,2026-06-13,Lincoln Financial Field,22,27.08,1
712,2026-06-13,Lincoln Financial Field,23,26.1,1
713,2026-06-13,Lincoln Financial Field,0,24.68,1
714,2026-06-13,Lincoln Financial Field,1,23.44,1
715,2026-06-14,Lincoln Financial Field,20,27.44666666666667,1
716,2026-06-14,Lincoln Financial Field,21,27.093333333333337,1
717,2026-06-14,Lincoln Financial Field,22,25.866666666666667,1
718,2026-06-14,Lincoln Financial Field,23,24.673333333333336,1
719,2026-06-14,Lincoln Financial Field,0,23.160000000000004,1
720,2026-06-14,Lincoln Financial Field,1,22.18666666666667,1
721,2026-06-15,Lincoln Financial Field,20,25.733333333333334,1
722,2026-06-15,Lincoln Financial Field,21,25.213333333333335,1
723,2026-06-15,Lincoln Financial Field,22,24.24,1
724,2026-06-15,Lincoln Financial Field,23,23.19333333333333,1
725,2026-06-15,Lincoln Financial Field,0,21.88,1
726,2026-06-15,Lincoln Financial Field,1,20.673333333333332,1
727,2026-06-16,Lincoln Financial Field,20,25.139999999999997,1
728,2026-06-16,Lincoln Financial Field,21,24.87333333333333,1
729,2026-06-16,Lincoln Financial Field,22,24.04,1
730,2026-06-16,Lincoln Financial Field,23,23.026666666666664,1
731,2026-06-16,Lincoln Financial Field,0,21.92666666666667,1
732,2026-06-16,Lincoln Financial Field,1,20.960000000000004,1
733,2026-06-17,Lincoln Financial Field,20,27.53333333333334,1
734,2026-06-17,Lincoln Financial Field,21,27.133333333333336,1
735,2026-06-17,Lincoln Financial Field,22,26.453333333333333,1
736,2026-06-17,Lincoln Financial Field,23,25.58,1
737,2026-06-17,Lincoln Financial Field,0,24.32,1
738,2026-06-17,Lincoln Financial Field,1,23.14,1
739,2026-06-18,Lincoln Financial Field,20,27.826666666666668,1
740,2026-06-18,Lincoln Financial Field,21,27.206666666666667,1
741,2026-06-18,Lincoln Financial Field,22,26.533333333333335,1
742,2026-06-18,Lincoln Financial Field,23,25.48666666666667,1
743,2026-06-18,Lincoln Financial Field,0,24.433333333333337,1
744,2026-06-18,Lincoln Financial Field,1,23.186666666666667,1
745,2026-06-19,Lincoln Financial Field,20,29.5,1
746,2026-06-19,Lincoln Financial Field,21,28.01333333333333,1
747,2026-06-19,Lincoln Financial Field,22,26.733333333333334,1
748,2026-06-19,Lincoln Financial Field,23,25.64,1
749,2026-06-19,Lincoln Financial Field,0,24.4,1
750,2026-06-19,Lincoln Financial Field,1,23.106666666666673,1
751,2026-06-20,Lincoln Financial Field,20,29.56666666666667,1
752,2026-06-20,Lincoln Financial Field,21,29.02666666666667,1
753,2026-06-20,Lincoln Financial Field,22,28.573333333333338,1
754,2026-06-20,Lincoln Financial Field,23,27.566666666666663,1
755,2026-06-20,Lincoln Financial Field,0,26.086666666666662,1
756,2026-06-20,Lincoln Financial Field,1,24.473333333333333,1
757,2026-06-21,Lincoln Financial Field,20,29.173333333333336,1
758,2026-06-21,Lincoln Financial Field,21,28.600000000000005,1
759,2026-06-21,Lincoln Financial Field,22,27.986666666666668,1
760,2026-06-21,Lincoln Financial Field,23,27.113333333333333,1
761,2026-06-21,Lincoln Financial Field,0,26.10666666666667,1
762,2026-06-21,Lincoln Financial Field,1,25.02,1
763,2026-06-22,Lincoln Financial Field,20,27.553333333333335,1
764,2026-06-22,Lincoln Financial Field,21,27.25333333333333,1
765,2026-06-22,Lincoln Financial Field,22,26.83333333333333,1
766,2026-06-22,Lincoln Financial Field,23,26.16,1
767,2026-06-22,Lincoln Financial Field,0,25.333333333333332,1
768,2026-06-22,Lincoln Financial Field,1,24.540000000000003,1
769,2026-06-23,Lincoln Financial Field,20,30.366666666666664,1
770,2026-06-23,Lincoln Financial Field,21,29.85333333333333,1
771,2026-06-23,Lincoln Financial Field,22,29.500000000000004,1
772,2026-06-23,Lincoln Financial Field,23,28.913333333333338,1
773,2026-06-23,Lincoln Financial Field,0,27.60666666666667,1
774,2026-06-23,Lincoln Financial Field,1,26.213333333333335,1
775,2026-06-24,Lincoln Financial Field,20,29.98,1
776,2026-06-24,Lincoln Financial Field,21,29.04,1
777,2026-06-24,Lincoln Financial Field,22,28.299999999999997,1
778,2026-06-24,Lincoln Financial Field,23,27.399999999999995,1
779,2026-06-24,Lincoln Financial Field,0,26.32666666666666,1
780,2026-06-24,Lincoln Financial Field,1,25.173333333333332,1
781,2026-06-25,Lincoln Financial Field,20,31.480000000000004,1
782,2026-06-25,Lincoln Financial Field,21,30.72000000000001,1
783,2026-06-25,Lincoln Financial Field,22,30.12666666666667,1
784,2026-06-25,Lincoln Financial Field,23,29.65333333333333,1
785,2026-06-25,Lincoln Financial Field,0,28.8,1
786,2026-06-25,Lincoln Financial Field,1,27.75333333333333,1
787,2026-06-26,Lincoln Financial Field,20,31.866666666666667,1
788,2026-06-26,Lincoln Financial Field,21,31.040000000000003,1
789,2026-06-26,Lincoln Financial Field,22,30.28,1
790,2026-06-26,Lincoln Financial Field,23,29.579999999999995,1
791,2026-06-26,Lincoln Financial Field,0,28.199999999999996,1
792,2026-06-26,Lincoln Financial Field,1,26.84666666666666,1
793,2026-06-27,Lincoln Financial Field,20,29.09999999999999,1
794,2026-06-27,Lincoln Financial Field,21,28.246666666666663,1
795,2026-06-27,Lincoln Financial Field,22,27.92666666666667,1
796,2026-06-27,Lincoln Financial Field,23,27.393333333333334,1
797,2026-06-27,Lincoln Financial Field,0,26.66666666666667,1
798,2026-06-27,Lincoln Financial Field,1,25.773333333333333,1
799,2026-06-11,BC Place,19,14.900000000000002,18
800,2026-06-11,BC Place,20,15.1,18
801,2026-06-11,BC Place,21,15.086666666666668,18
802,2026-06-11,BC Place,22,15.246666666666666,18
803,2026-06-11,BC Place,23,15.286666666666664,18
804,2026-06-11,BC Place,0,15.32,18
805,2026-06-11,BC Place,1,15.179999999999998,18
806,2026-06-11,BC Place,2,15.019999999999998,18
807,2026-06-11,BC Place,3,14.833333333333332,18
808,2026-06-11,BC Place,4,14.45333333333333,18
809,2026-06-12,BC Place,19,14.193333333333332,18
810,2026-06-12,BC Place,20,15.386666666666663,18
811,2026-06-12,BC Place,21,16.46666666666667,18
812,2026-06-12,BC Place,22,16.96,18
813,2026-06-12,BC Place,23,16.7,18
814,2026-06-12,BC Place,0,15.88,18
815,2026-06-12,BC Place,1,15.2,18
816,2026-06-12,BC Place,2,14.740000000000002,18
817,2026-06-12,BC Place,3,14.313333333333334,18
818,2026-06-12,BC Place,4,13.753333333333334,18
819,2026-06-13,BC Place,19,14.406666666666666,18
820,2026-06-13,BC Place,20,15.0,18
821,2026-06-13,BC Place,21,15.293333333333331,18
822,2026-06-13,BC Place,22,15.493333333333332,18
823,2026-06-13,BC Place,23,15.266666666666667,18
824,2026-06-13,BC Place,0,14.793333333333331,18
825,2026-06-13,BC Place,1,14.46,18
826,2026-06-13,BC Place,2,14.013333333333332,18
827,2026-06-13,BC Place,3,13.506666666666664,18
828,2026-06-13,BC Place,4,12.626666666666663,18
829,2026-06-14,BC Place,19,12.91333333333333,18
830,2026-06-14,BC Place,20,13.686666666666666,18
831,2026-06-14,BC Place,21,14.72,18
832,2026-06-14,BC Place,22,15.346666666666668,18
833,2026-06-14,BC Place,23,15.400000000000002,18
834,2026-06-14,BC Place,0,14.740000000000002,18
835,2026-06-14,BC Place,1,14.18666666666667,18
836,2026-06-14,BC Place,2,13.873333333333331,18
837,2026-06-14,BC Place,3,13.679999999999998,18
838,2026-06-14,BC Place,4,13.126666666666663,18
839,2026-06-15,BC Place,19,14.266666666666667,18
840,2026-06-15,BC Place,20,14.56,18
841,2026-06-15,BC Place,21,15.013333333333334,18
842,2026-06-15,BC Place,22,15.3,18
843,2026-06-15,BC Place,23,15.240000000000002,18
844,2026-06-15,BC Place,0,14.893333333333336,18
845,2026-06-15,BC Place,1,14.660000000000002,18
846,2026-06-15,BC Place,2,14.42,18
847,2026-06-15,BC Place,3,14.166666666666666,18
848,2026-06-15,BC Place,4,13.78,18
849,2026-06-16,BC Place,19,14.653333333333332,18
850,2026-06-16,BC Place,20,15.206666666666669,18
851,2026-06-16,BC Place,21,15.713333333333336,18
852,2026-06-16,BC Place,22,16.153333333333332,18
853,2026-06-16,BC Place,23,16.053333333333335,18
854,2026-06-16,BC Place,0,15.553333333333336,18
855,2026-06-16,BC Place,1,14.886666666666668,18
856,2026-06-16,BC Place,2,14.6,18
857,2026-06-16,BC Place,3,14.333333333333334,18
858,2026-06-16,BC Place,4,13.806666666666668,18
859,2026-06-17,BC Place,19,14.973333333333333,18
860,2026-06-17,BC Place,20,15.686666666666666,18
861,2026-06-17,BC Place,21,16.253333333333334,18
862,2026-06-17,BC Place,22,16.466666666666665,18
863,2026-06-17,BC Place,23,16.406666666666666,18
864,2026-06-17,BC Place,0,16.04,18
865,2026-06-17,BC Place,1,15.673333333333336,18
866,2026-06-17,BC Place,2,15.206666666666669,18
867,2026-06-17,BC Place,3,14.72,18
868,2026-06-17,BC Place,4,14.033333333333331,18
869,2026-06-18,BC Place,19,14.28,18
870,2026-06-18,BC Place,20,15.333333333333334,18
871,2026-06-18,BC Place,21,15.953333333333337,18
872,2026-06-18,BC Place,22,16.073333333333334,18
873,2026-06-18,BC Place,23,15.706666666666669,18
874,2026-06-18,BC Place,0,15.120000000000005,18
875,2026-06-18,BC Place,1,14.593333333333334,18
876,2026-06-18,BC Place,2,14.113333333333332,18
877,2026-06-18,BC Place,3,13.84,18
878,2026-06-18,BC Place,4,13.433333333333332,18
879,2026-06-19,BC Place,19,15.26666666666667,18
880,2026-06-19,BC Place,20,15.906666666666666,18
881,2026-06-19,BC Place,21,16.393333333333334,18
882,2026-06-19,BC Place,22,16.533333333333335,18
883,2026-06-19,BC Place,23,16.10666666666667,18
884,2026-06-19,BC Place,0,15.593333333333335,18
885,2026-06-19,BC Place,1,15.206666666666669,18
886,2026-06-19,BC Place,2,14.88,18
887,2026-06-19,BC Place,3,14.373333333333331,18
888,2026-06-19,BC Place,4,13.706666666666669,18
889,2026-06-20,BC Place,19,16.166666666666668,18
890,2026-06-20,BC Place,20,16.866666666666667,18
891,2026-06-20,BC Place,21,17.48,18
892,2026-06-20,BC Place,22,17.87333333333333,18
893,2026-06-20,BC Place,23,18.013333333333335,18
894,2026-06-20,BC Place,0,17.89333333333333,18
895,2026-06-20,BC Place,1,17.62,18
896,2026-06-20,BC Place,2,17.173333333333332,18
897,2026-06-20,BC Place,3,16.753333333333334,18
898,2026-06-20,BC Place,4,16.166666666666668,18
899,2026-06-21,BC Place,19,18.113333333333333,18
900,2026-06-21,BC Place,20,18.826666666666664,18
901,2026-06-21,BC Place,21,19.299999999999997,18
902,2026-06-21,BC Place,22,19.613333333333337,18
903,2026-06-21,BC Place,23,19.639999999999997,18
904,2026-06-21,BC Place,0,19.379999999999995,18
905,2026-06-21,BC Place,1,18.94,18
906,2026-06-21,BC Place,2,18.58,18
907,2026-06-21,BC Place,3,18.086666666666662,18
908,2026-06-21,BC Place,4,17.30666666666667,18
909,2026-06-22,BC Place,19,17.44,18
910,2026-06-22,BC Place,20,18.393333333333334,18
911,2026-06-22,BC Place,21,19.26,18
912,2026-06-22,BC Place,22,19.793333333333333,18
913,2026-06-22,BC Place,23,19.67333333333333,18
914,2026-06-22,BC Place,0,18.90666666666667,18
915,2026-06-22,BC Place,1,18.27333333333333,18
916,2026-06-22,BC Place,2,17.693333333333335,18
917,2026-06-22,BC Place,3,17.313333333333333,18
918,2026-06-22,BC Place,4,16.506666666666668,18
919,2026-06-23,BC Place,19,17.113333333333333,18
920,2026-06-23,BC Place,20,17.673333333333336,18
921,2026-06-23,BC Place,21,18.166666666666668,18
922,2026-06-23,BC Place,22,18.366666666666667,18
923,2026-06-23,BC Place,23,18.2,18
924,2026-06-23,BC Place,0,17.646666666666665,18
925,2026-06-23,BC Place,1,17.3,18
926,2026-06-23,BC Place,2,17.12666666666667,18
927,2026-06-23,BC Place,3,16.92,18
928,2026-06-23,BC Place,4,16.286666666666665,18
929,2026-06-24,BC Place,19,19.04666666666667,18
930,2026-06-24,BC Place,20,19.886666666666663,18
931,2026-06-24,BC Place,21,20.513333333333332,18
932,2026-06-24,BC Place,22,20.766666666666666,18
933,2026-06-24,BC Place,23,20.16666666666667,18
934,2026-06-24,BC Place,0,19.333333333333332,18
935,2026-06-24,BC Place,1,18.540000000000003,18
936,2026-06-24,BC Place,2,18.27333333333333,18
937,2026-06-24,BC Place,3,18.013333333333332,18
938,2026-06-24,BC Place,4,17.619999999999997,18
939,2026-06-25,BC Place,19,20.153333333333332,18
940,2026-06-25,BC Place,20,21.046666666666667,18
941,2026-06-25,BC Place,21,21.660000000000004,18
942,2026-06-25,BC Place,22,21.966666666666672,18
943,2026-06-25,BC Place,23,21.993333333333332,18
944,2026-06-25,BC Place,0,21.540000000000003,18
945,2026-06-25,BC Place,1,20.906666666666663,18
946,2026-06-25,BC Place,2,20.320000000000004,18
947,2026-06-25,BC Place,3,19.893333333333334,18
948,2026-06-25,BC Place,4,19.326666666666668,18
949,2026-06-26,BC Place,19,21.306666666666665,18
950,2026-06-26,BC Place,20,21.77999999999999,18
951,2026-06-26,BC Place,21,22.106666666666666,18
952,2026-06-26,BC Place,22,22.386666666666663,18
953,2026-06-26,BC Place,23,22.48,18
954,2026-06-26,BC Place,0,22.219999999999995,18
955,2026-06-26,BC Place,1,21.746666666666663,18
956,2026-06-26,BC Place,2,21.246666666666663,18
957,2026-06-26,BC Place,3,20.68,18
958,2026-06-26,BC Place,4,19.90666666666667,18
959,2026-06-27,BC Place,19,21.746666666666663,18
960,2026-06-27,BC Place,20,22.566666666666663,18
961,2026-06-27,BC Place,21,23.326666666666668,18
962,2026-06-27,BC Place,22,23.92666666666667,18
963,2026-06-27,BC Place,23,23.853333333333335,18
964,2026-06-27,BC Place,0,23.3,18
965,2026-06-27,BC Place,1,22.493333333333332,18
966,2026-06-27,BC Place,2,21.56,18
967,2026-06-27,BC Place,3,20.673333333333336,18
968,2026-06-27,BC Place,4,20.0,18
969,2026-06-11,AT&T Stadium,17,33.006666666666675,193
970,2026-06-11,AT&T Stadium,18,33.8,193
971,2026-06-11,AT&T Stadium,19,34.11333333333333,193
972,2026-06-11,AT&T Stadium,20,34.20666666666667,193
973,2026-06-11,AT&T Stadium,21,33.986666666666665,193
974,2026-06-11,AT&T Stadium,22,32.92,193
975,2026-06-11,AT&T Stadium,23,32.093333333333334,193
976,2026-06-11,AT&T Stadium,0,30.913333333333338,193
977,2026-06-11,AT&T Stadium,1,30.073333333333338,193
978,2026-06-11,AT&T Stadium,2,29.040000000000006,193
979,2026-06-12,AT&T Stadium,17,32.71333333333334,193
980,2026-06-12,AT&T Stadium,18,34.28666666666667,193
981,2026-06-12,AT&T Stadium,19,35.62666666666667,193
982,2026-06-12,AT&T Stadium,20,35.94666666666667,193
983,2026-06-12,AT&T Stadium,21,35.85333333333333,193
984,2026-06-12,AT&T Stadium,22,35.22,193
985,2026-06-12,AT&T Stadium,23,34.266666666666666,193
986,2026-06-12,AT&T Stadium,0,33.12666666666667,193
987,2026-06-12,AT&T Stadium,1,31.66,193
988,2026-06-12,AT&T Stadium,2,30.34666666666666,193
989,2026-06-13,AT&T Stadium,17,34.23333333333333,193
990,2026-06-13,AT&T Stadium,18,35.65333333333333,193
991,2026-06-13,AT&T Stadium,19,36.406666666666666,193
992,2026-06-13,AT&T Stadium,20,36.75999999999999,193
993,2026-06-13,AT&T Stadium,21,36.593333333333334,193
994,2026-06-13,AT&T Stadium,22,35.906666666666666,193
995,2026-06-13,AT&T Stadium,23,35.02,193
996,2026-06-13,AT&T Stadium,0,34.080000000000005,193
997,2026-06-13,AT&T Stadium,1,32.906666666666666,193
998,2026-06-13,AT&T Stadium,2,31.7,193
999,2026-06-14,AT&T Stadium,17,34.02666666666667,193
1000,2026-06-14,AT&T Stadium,18,34.733333333333334,193
1001,2026-06-14,AT&T Stadium,19,35.20666666666667,193
1002,2026-06-14,AT&T Stadium,20,35.026666666666664,193
1003,2026-06-14,AT&T Stadium,21,34.8,193
1004,2026-06-14,AT&T Stadium,22,34.50000000000001,193
1005,2026-06-14,AT&T Stadium,23,34.28,193
1006,2026-06-14,AT&T Stadium,0,33.080000000000005,193
1007,2026-06-14,AT&T Stadium,1,31.62666666666667,193
1008,2026-06-14,AT&T Stadium,2,30.47333333333334,193
1009,2026-06-15,AT&T Stadium,17,34.133333333333326,193
1010,2026-06-15,AT&T Stadium,18,35.29333333333333,193
1011,2026-06-15,AT&T Stadium,19,36.02666666666667,193
1012,2026-06-15,AT&T Stadium,20,36.366666666666674,193
1013,2026-06-15,AT&T Stadium,21,36.11333333333334,193
1014,2026-06-15,AT&T Stadium,22,34.86666666666667,193
1015,2026-06-15,AT&T Stadium,23,34.14666666666667,193
1016,2026-06-15,AT&T Stadium,0,32.60666666666667,193
1017,2026-06-15,AT&T Stadium,1,31.613333333333337,193
1018,2026-06-15,AT&T Stadium,2,30.02,193
1019,2026-06-16,AT&T Stadium,17,35.72666666666667,193
1020,2026-06-16,AT&T Stadium,18,37.11333333333334,193
1021,2026-06-16,AT&T Stadium,19,38.23333333333334,193
1022,2026-06-16,AT&T Stadium,20,38.66000000000001,193
1023,2026-06-16,AT&T Stadium,21,38.54,193
1024,2026-06-16,AT&T Stadium,22,37.48,193
1025,2026-06-16,AT&T Stadium,23,36.32000000000001,193
1026,2026-06-16,AT&T Stadium,0,34.86666666666667,193
1027,2026-06-16,AT&T Stadium,1,33.59333333333333,193
1028,2026-06-16,AT&T Stadium,2,32.24,193
1029,2026-06-17,AT&T Stadium,17,35.93333333333333,193
1030,2026-06-17,AT&T Stadium,18,36.61333333333334,193
1031,2026-06-17,AT&T Stadium,19,36.72,193
1032,2026-06-17,AT&T Stadium,20,36.43999999999999,193
1033,2026-06-17,AT&T Stadium,21,35.70666666666667,193
1034,2026-06-17,AT&T Stadium,22,34.96,193
1035,2026-06-17,AT&T Stadium,23,34.13999999999999,193
1036,2026-06-17,AT&T Stadium,0,33.45333333333333,193
1037,2026-06-17,AT&T Stadium,1,32.64,193
1038,2026-06-17,AT&T Stadium,2,31.800000000000004,193
1039,2026-06-18,AT&T Stadium,17,33.60666666666667,193
1040,2026-06-18,AT&T Stadium,18,34.986666666666665,193
1041,2026-06-18,AT&T Stadium,19,36.1,193
1042,2026-06-18,AT&T Stadium,20,36.62,193
1043,2026-06-18,AT&T Stadium,21,36.45333333333333,193
1044,2026-06-18,AT&T Stadium,22,35.699999999999996,193
1045,2026-06-18,AT&T Stadium,23,34.813333333333325,193
1046,2026-06-18,AT&T Stadium,0,34.16,193
1047,2026-06-18,AT&T Stadium,1,33.18,193
1048,2026-06-18,AT&T Stadium,2,32.28,193
1049,2026-06-19,AT&T Stadium,17,35.10000000000001,193
1050,2026-06-19,AT&T Stadium,18,36.50666666666667,193
1051,2026-06-19,AT&T Stadium,19,37.126666666666665,193
1052,2026-06-19,AT&T Stadium,20,37.24000000000001,193
1053,2026-06-19,AT&T Stadium,21,36.986666666666665,193
1054,2026-06-19,AT&T Stadium,22,36.2,193
1055,2026-06-19,AT&T Stadium,23,34.90666666666666,193
1056,2026-06-19,AT&T Stadium,0,33.78666666666666,193
1057,2026-06-19,AT&T Stadium,1,32.9,193
1058,2026-06-19,AT&T Stadium,2,32.59333333333333,193
1059,2026-06-20,AT&T Stadium,17,36.00666666666667,193
1060,2026-06-20,AT&T Stadium,18,37.07333333333334,193
1061,2026-06-20,AT&T Stadium,19,37.7,193
1062,2026-06-20,AT&T Stadium,20,37.933333333333344,193
1063,2026-06-20,AT&T Stadium,21,37.8,193
1064,2026-06-20,AT&T Stadium,22,37.24000000000001,193
1065,2026-06-20,AT&T Stadium,23,36.53333333333333,193
1066,2026-06-20,AT&T Stadium,0,35.779999999999994,193
1067,2026-06-20,AT&T Stadium,1,35.07333333333333,193
1068,2026-06-20,AT&T Stadium,2,34.26,193
1069,2026-06-21,AT&T Stadium,17,35.89333333333333,193
1070,2026-06-21,AT&T Stadium,18,36.43999999999999,193
1071,2026-06-21,AT&T Stadium,19,36.58,193
1072,2026-06-21,AT&T Stadium,20,36.88666666666666,193
1073,2026-06-21,AT&T Stadium,21,36.68,193
1074,2026-06-21,AT&T Stadium,22,36.06666666666668,193
1075,2026-06-21,AT&T Stadium,23,34.593333333333334,193
1076,2026-06-21,AT&T Stadium,0,33.10666666666667,193
1077,2026-06-21,AT&T Stadium,1,31.64,193
1078,2026-06-21,AT&T Stadium,2,30.90666666666667,193
1079,2026-06-22,AT&T Stadium,17,33.89333333333334,193
1080,2026-06-22,AT&T Stadium,18,34.980000000000004,193
1081,2026-06-22,AT&T Stadium,19,35.526666666666664,193
1082,2026-06-22,AT&T Stadium,20,35.82666666666667,193
1083,2026-06-22,AT&T Stadium,21,35.56000000000001,193
1084,2026-06-22,AT&T Stadium,22,35.02666666666667,193
1085,2026-06-22,AT&T Stadium,23,34.186666666666675,193
1086,2026-06-22,AT&T Stadium,0,33.346666666666664,193
1087,2026-06-22,AT&T Stadium,1,32.29333333333333,193
1088,2026-06-22,AT&T Stadium,2,31.373333333333335,193
1089,2026-06-23,AT&T Stadium,17,35.473333333333336,193
1090,2026-06-23,AT&T Stadium,18,36.72,193
1091,2026-06-23,AT&T Stadium,19,37.60666666666666,193
1092,2026-06-23,AT&T Stadium,20,37.946666666666665,193
1093,2026-06-23,AT&T Stadium,21,37.62,193
1094,2026-06-23,AT&T Stadium,22,36.9,193
1095,2026-06-23,AT&T Stadium,23,35.90666666666667,193
1096,2026-06-23,AT&T Stadium,0,35.186666666666675,193
1097,2026-06-23,AT&T Stadium,1,34.21333333333334,193
1098,2026-06-23,AT&T Stadium,2,33.31333333333334,193
1099,2026-06-24,AT&T Stadium,17,36.626666666666665,193
1100,2026-06-24,AT&T Stadium,18,37.72666666666667,193
1101,2026-06-24,AT&T Stadium,19,38.39333333333333,193
1102,2026-06-24,AT&T Stadium,20,38.566666666666656,193
1103,2026-06-24,AT&T Stadium,21,38.22,193
1104,2026-06-24,AT&T Stadium,22,37.47333333333333,193
1105,2026-06-24,AT&T Stadium,23,36.73333333333333,193
1106,2026-06-24,AT&T Stadium,0,35.86666666666667,193
1107,2026-06-24,AT&T Stadium,1,34.84666666666667,193
1108,2026-06-24,AT&T Stadium,2,33.559999999999995,193
1109,2026-06-25,AT&T Stadium,17,37.120000000000005,193
1110,2026-06-25,AT&T Stadium,18,38.33333333333333,193
1111,2026-06-25,AT&T Stadium,19,39.01333333333333,193
1112,2026-06-25,AT&T Stadium,20,39.10666666666667,193
1113,2026-06-25,AT&T Stadium,21,38.66666666666667,193
1114,2026-06-25,AT&T Stadium,22,37.78000000000001,193
1115,2026-06-25,AT&T Stadium,23,36.74,193
1116,2026-06-25,AT&T Stadium,0,35.84666666666667,193
1117,2026-06-25,AT&T Stadium,1,34.76,193
1118,2026-06-25,AT&T Stadium,2,33.58,193
1119,2026-06-26,AT&T Stadium,17,37.086666666666666,193
1120,2026-06-26,AT&T Stadium,18,38.46666666666667,193
1121,2026-06-26,AT&T Stadium,19,39.333333333333336,193
1122,2026-06-26,AT&T Stadium,20,39.53999999999999,193
1123,2026-06-26,AT&T Stadium,21,39.17333333333333,193
1124,2026-06-26,AT&T Stadium,22,38.17333333333333,193
1125,2026-06-26,AT&T Stadium,23,37.27333333333333,193
1126,2026-06-26,AT&T Stadium,0,36.099999999999994,193
1127,2026-06-26,AT&T Stadium,1,35.14,193
1128,2026-06-26,AT&T Stadium,2,33.86,193
1129,2026-06-27,AT&T Stadium,17,35.879999999999995,193
1130,2026-06-27,AT&T Stadium,18,37.44666666666667,193
1131,2026-06-27,AT&T Stadium,19,38.306666666666665,193
1132,2026-06-27,AT&T Stadium,20,38.38666666666666,193
1133,2026-06-27,AT&T Stadium,21,37.71333333333333,193
1134,2026-06-27,AT&T Stadium,22,36.65999999999999,193
1135,2026-06-27,AT&T Stadium,23,35.79333333333333,193
1136,2026-06-27,AT&T Stadium,0,35.1,193
1137,2026-06-27,AT&T Stadium,1,34.00666666666667,193
1138,2026-06-27,AT&T Stadium,2,32.826666666666675,193
1139,2026-06-11,Estadio BBVA,1,33.28,494
1140,2026-06-11,Estadio BBVA,2,32.540000000000006,494
1141,2026-06-11,Estadio BBVA,3,31.67333333333334,494
1142,2026-06-11,Estadio BBVA,4,30.80666666666667,494
1143,2026-06-12,Estadio BBVA,1,33.57333333333334,494
1144,2026-06-12,Estadio BBVA,2,32.8,494
1145,2026-06-12,Estadio BBVA,3,31.780000000000005,494
1146,2026-06-12,Estadio BBVA,4,30.76,494
1147,2026-06-13,Estadio BBVA,1,33.026666666666664,494
1148,2026-06-13,Estadio BBVA,2,32.08,494
1149,2026-06-13,Estadio BBVA,3,31.04,494
1150,2026-06-13,Estadio BBVA,4,30.24,494
1151,2026-06-14,Estadio BBVA,1,32.52,494
1152,2026-06-14,Estadio BBVA,2,31.486666666666668,494
1153,2026-06-14,Estadio BBVA,3,30.74666666666667,494
1154,2026-06-14,Estadio BBVA,4,30.073333333333338,494
1155,2026-06-15,Estadio BBVA,1,32.06666666666667,494
1156,2026-06-15,Estadio BBVA,2,31.180000000000003,494
1157,2026-06-15,Estadio BBVA,3,30.46,494
1158,2026-06-15,Estadio BBVA,4,29.8,494
1159,2026-06-16,Estadio BBVA,1,31.52,494
1160,2026-06-16,Estadio BBVA,2,30.22,494
1161,2026-06-16,Estadio BBVA,3,29.15333333333333,494
1162,2026-06-16,Estadio BBVA,4,28.526666666666664,494
1163,2026-06-17,Estadio BBVA,1,31.9,494
1164,2026-06-17,Estadio BBVA,2,30.92,494
1165,2026-06-17,Estadio BBVA,3,29.93333333333333,494
1166,2026-06-17,Estadio BBVA,4,29.113333333333333,494
1167,2026-06-18,Estadio BBVA,1,31.74,494
1168,2026-06-18,Estadio BBVA,2,31.019999999999996,494
1169,2026-06-18,Estadio BBVA,3,30.180000000000003,494
1170,2026-06-18,Estadio BBVA,4,29.433333333333337,494
1171,2026-06-19,Estadio BBVA,1,30.173333333333336,494
1172,2026-06-19,Estadio BBVA,2,29.51333333333334,494
1173,2026-06-19,Estadio BBVA,3,28.833333333333336,494
1174,2026-06-19,Estadio BBVA,4,28.420000000000005,494
1175,2026-06-20,Estadio BBVA,1,30.533333333333328,494
1176,2026-06-20,Estadio BBVA,2,29.90666666666667,494
1177,2026-06-20,Estadio BBVA,3,29.49333333333334,494
1178,2026-06-20,Estadio BBVA,4,29.08666666666667,494
1179,2026-06-21,Estadio BBVA,1,30.76,494
1180,2026-06-21,Estadio BBVA,2,30.253333333333337,494
1181,2026-06-21,Estadio BBVA,3,29.62666666666667,494
1182,2026-06-21,Estadio BBVA,4,28.80666666666667,494
1183,2026-06-22,Estadio BBVA,1,30.19333333333333,494
1184,2026-06-22,Estadio BBVA,2,29.62,494
1185,2026-06-22,Estadio BBVA,3,28.993333333333336,494
1186,2026-06-22,Estadio BBVA,4,28.44,494
1187,2026-06-23,Estadio BBVA,1,30.30666666666667,494
1188,2026-06-23,Estadio BBVA,2,29.553333333333335,494
1189,2026-06-23,Estadio BBVA,3,28.81333333333334,494
1190,2026-06-23,Estadio BBVA,4,28.073333333333338,494
1191,2026-06-24,Estadio BBVA,1,31.566666666666663,494
1192,2026-06-24,Estadio BBVA,2,30.59333333333333,494
1193,2026-06-24,Estadio BBVA,3,29.526666666666664,494
1194,2026-06-24,Estadio BBVA,4,28.813333333333333,494
1195,2026-06-25,Estadio BBVA,1,31.94,494
1196,2026-06-25,Estadio BBVA,2,31.033333333333335,494
1197,2026-06-25,Estadio BBVA,3,29.906666666666663,494
1198,2026-06-25,Estadio BBVA,4,29.106666666666666,494
1199,2026-06-26,Estadio BBVA,1,30.826666666666668,494
1200,2026-06-26,Estadio BBVA,2,30.0,494
1201,2026-06-26,Estadio BBVA,3,29.12666666666667,494
1202,2026-06-26,Estadio BBVA,4,28.386666666666667,494
1203,2026-06-27,Estadio BBVA,1,30.71333333333333,494
1204,2026-06-27,Estadio BBVA,2,29.60666666666667,494
1205,2026-06-27,Estadio BBVA,3,28.7,494
1206,2026-06-27,Estadio BBVA,4,28.24666666666667,494
1207,2026-06-11,Lumen Field,19,15.22,10
1208,2026-06-11,Lumen Field,20,16.173333333333332,10
1209,2026-06-11,Lumen Field,21,17.2,10
1210,2026-06-11,Lumen Field,22,17.933333333333334,10
1211,2026-06-11,Lumen Field,23,18.09333333333333,10
1212,2026-06-11,Lumen Field,0,17.506666666666664,10
1213,2026-06-11,Lumen Field,1,16.54,10
1214,2026-06-11,Lumen Field,2,15.466666666666663,10
1215,2026-06-11,Lumen Field,3,14.366666666666667,10
1216,2026-06-12,Lumen Field,19,15.599999999999998,10
1217,2026-06-12,Lumen Field,20,16.71333333333333,10
1218,2026-06-12,Lumen Field,21,17.746666666666663,10
1219,2026-06-12,Lumen Field,22,18.38,10
1220,2026-06-12,Lumen Field,23,18.64666666666667,10
1221,2026-06-12,Lumen Field,0,18.28,10
1222,2026-06-12,Lumen Field,1,17.746666666666666,10
1223,2026-06-12,Lumen Field,2,16.96,10
1224,2026-06-12,Lumen Field,3,15.88,10
1225,2026-06-13,Lumen Field,19,15.206666666666669,10
1226,2026-06-13,Lumen Field,20,16.1,10
1227,2026-06-13,Lumen Field,21,16.66,10
1228,2026-06-13,Lumen Field,22,16.8,10
1229,2026-06-13,Lumen Field,23,16.513333333333332,10
1230,2026-06-13,Lumen Field,0,15.926666666666668,10
1231,2026-06-13,Lumen Field,1,15.226666666666665,10
1232,2026-06-13,Lumen Field,2,14.673333333333334,10
1233,2026-06-13,Lumen Field,3,13.826666666666666,10
1234,2026-06-14,Lumen Field,19,14.766666666666667,10
1235,2026-06-14,Lumen Field,20,15.78,10
1236,2026-06-14,Lumen Field,21,16.426666666666666,10
1237,2026-06-14,Lumen Field,22,16.52,10
1238,2026-06-14,Lumen Field,23,16.46,10
1239,2026-06-14,Lumen Field,0,16.020000000000003,10
1240,2026-06-14,Lumen Field,1,15.533333333333337,10
1241,2026-06-14,Lumen Field,2,15.173333333333334,10
1242,2026-06-14,Lumen Field,3,14.526666666666667,10
1243,2026-06-15,Lumen Field,19,14.48,10
1244,2026-06-15,Lumen Field,20,15.453333333333331,10
1245,2026-06-15,Lumen Field,21,16.35333333333333,10
1246,2026-06-15,Lumen Field,22,16.206666666666667,10
1247,2026-06-15,Lumen Field,23,15.986666666666668,10
1248,2026-06-15,Lumen Field,0,15.56,10
1249,2026-06-15,Lumen Field,1,15.406666666666666,10
1250,2026-06-15,Lumen Field,2,15.099999999999998,10
1251,2026-06-15,Lumen Field,3,14.273333333333332,10
1252,2026-06-16,Lumen Field,19,17.0,10
1253,2026-06-16,Lumen Field,20,17.826666666666664,10
1254,2026-06-16,Lumen Field,21,18.186666666666664,10
1255,2026-06-16,Lumen Field,22,18.113333333333333,10
1256,2026-06-16,Lumen Field,23,17.839999999999996,10
1257,2026-06-16,Lumen Field,0,17.186666666666664,10
1258,2026-06-16,Lumen Field,1,16.386666666666667,10
1259,2026-06-16,Lumen Field,2,15.593333333333334,10
1260,2026-06-16,Lumen Field,3,14.66,10
1261,2026-06-17,Lumen Field,19,15.906666666666668,10
1262,2026-06-17,Lumen Field,20,16.92,10
1263,2026-06-17,Lumen Field,21,17.54,10
1264,2026-06-17,Lumen Field,22,17.69333333333333,10
1265,2026-06-17,Lumen Field,23,17.206666666666667,10
1266,2026-06-17,Lumen Field,0,16.466666666666672,10
1267,2026-06-17,Lumen Field,1,15.560000000000002,10
1268,2026-06-17,Lumen Field,2,14.88,10
1269,2026-06-17,Lumen Field,3,14.039999999999996,10
1270,2026-06-18,Lumen Field,19,14.826666666666666,10
1271,2026-06-18,Lumen Field,20,15.393333333333334,10
1272,2026-06-18,Lumen Field,21,15.673333333333334,10
1273,2026-06-18,Lumen Field,22,16.026666666666664,10
1274,2026-06-18,Lumen Field,23,16.066666666666666,10
1275,2026-06-18,Lumen Field,0,15.813333333333333,10
1276,2026-06-18,Lumen Field,1,15.18,10
1277,2026-06-18,Lumen Field,2,14.346666666666666,10
1278,2026-06-18,Lumen Field,3,13.426666666666668,10
1279,2026-06-19,Lumen Field,19,16.14666666666667,10
1280,2026-06-19,Lumen Field,20,17.506666666666668,10
1281,2026-06-19,Lumen Field,21,18.22,10
1282,2026-06-19,Lumen Field,22,18.473333333333333,10
1283,2026-06-19,Lumen Field,23,18.166666666666668,10
1284,2026-06-19,Lumen Field,0,17.84666666666666,10
1285,2026-06-19,Lumen Field,1,17.3,10
1286,2026-06-19,Lumen Field,2,16.633333333333336,10
1287,2026-06-19,Lumen Field,3,15.766666666666667,10
1288,2026-06-20,Lumen Field,19,16.16,10
1289,2026-06-20,Lumen Field,20,17.166666666666668,10
1290,2026-06-20,Lumen Field,21,17.94,10
1291,2026-06-20,Lumen Field,22,18.273333333333333,10
1292,2026-06-20,Lumen Field,23,18.19333333333333,10
1293,2026-06-20,Lumen Field,0,17.706666666666667,10
1294,2026-06-20,Lumen Field,1,17.30666666666667,10
1295,2026-06-20,Lumen Field,2,16.786666666666665,10
1296,2026-06-20,Lumen Field,3,16.186666666666664,10
1297,2026-06-21,Lumen Field,19,19.399999999999995,10
1298,2026-06-21,Lumen Field,20,20.586666666666662,10
1299,2026-06-21,Lumen Field,21,21.666666666666664,10
1300,2026-06-21,Lumen Field,22,22.320000000000004,10
1301,2026-06-21,Lumen Field,23,22.339999999999996,10
1302,2026-06-21,Lumen Field,0,21.76,10
1303,2026-06-21,Lumen Field,1,21.10666666666667,10
1304,2026-06-21,Lumen Field,2,20.093333333333337,10
1305,2026-06-21,Lumen Field,3,18.653333333333332,10
1306,2026-06-22,Lumen Field,19,17.653333333333332,10
1307,2026-06-22,Lumen Field,20,19.02,10
1308,2026-06-22,Lumen Field,21,20.233333333333334,10
1309,2026-06-22,Lumen Field,22,21.12666666666667,10
1310,2026-06-22,Lumen Field,23,21.43333333333333,10
1311,2026-06-22,Lumen Field,0,21.246666666666663,10
1312,2026-06-22,Lumen Field,1,20.59333333333333,10
1313,2026-06-22,Lumen Field,2,19.533333333333328,10
1314,2026-06-22,Lumen Field,3,17.89333333333333,10
1315,2026-06-23,Lumen Field,19,18.3,10
1316,2026-06-23,Lumen Field,20,19.62666666666667,10
1317,2026-06-23,Lumen Field,21,20.800000000000004,10
1318,2026-06-23,Lumen Field,22,21.58,10
1319,2026-06-23,Lumen Field,23,21.46666666666666,10
1320,2026-06-23,Lumen Field,0,20.84,10
1321,2026-06-23,Lumen Field,1,19.90666666666667,10
1322,2026-06-23,Lumen Field,2,19.033333333333335,10
1323,2026-06-23,Lumen Field,3,17.846666666666668,10
1324,2026-06-24,Lumen Field,19,19.92666666666667,10
1325,2026-06-24,Lumen Field,20,21.026666666666667,10
1326,2026-06-24,Lumen Field,21,21.62,10
1327,2026-06-24,Lumen Field,22,21.733333333333334,10
1328,2026-06-24,Lumen Field,23,21.466666666666665,10
1329,2026-06-24,Lumen Field,0,20.933333333333337,10
1330,2026-06-24,Lumen Field,1,20.24000000000001,10
1331,2026-06-24,Lumen Field,2,19.133333333333336,10
1332,2026-06-24,Lumen Field,3,17.626666666666665,10
1333,2026-06-25,Lumen Field,19,20.933333333333337,10
1334,2026-06-25,Lumen Field,20,22.213333333333335,10
1335,2026-06-25,Lumen Field,21,23.053333333333335,10
1336,2026-06-25,Lumen Field,22,23.29333333333334,10
1337,2026-06-25,Lumen Field,23,23.31333333333334,10
1338,2026-06-25,Lumen Field,0,22.980000000000004,10
1339,2026-06-25,Lumen Field,1,22.53333333333334,10
1340,2026-06-25,Lumen Field,2,21.620000000000005,10
1341,2026-06-25,Lumen Field,3,20.413333333333338,10
1342,2026-06-26,Lumen Field,19,21.85333333333333,10
1343,2026-06-26,Lumen Field,20,22.966666666666672,10
1344,2026-06-26,Lumen Field,21,23.74,10
1345,2026-06-26,Lumen Field,22,24.053333333333335,10
1346,2026-06-26,Lumen Field,23,23.9,10
1347,2026-06-26,Lumen Field,0,23.346666666666668,10
1348,2026-06-26,Lumen Field,1,22.553333333333335,10
1349,2026-06-26,Lumen Field,2,21.579999999999995,10
1350,2026-06-26,Lumen Field,3,20.326666666666664,10
1351,2026-06-27,Lumen Field,19,21.693333333333335,10
1352,2026-06-27,Lumen Field,20,23.21333333333333,10
1353,2026-06-27,Lumen Field,21,24.37333333333333,10
1354,2026-06-27,Lumen Field,22,25.086666666666662,10
1355,2026-06-27,Lumen Field,23,25.24,10
1356,2026-06-27,Lumen Field,0,24.833333333333332,10
1357,2026-06-27,Lumen Field,1,24.126666666666665,10
1358,2026-06-27,Lumen Field,2,23.026666666666667,10
1359,2026-06-27,Lumen Field,3,21.753333333333337,10
1360,2026-06-11,Mercedes-Benz Stadium,16,28.980000000000008,316
1361,2026-06-11,Mercedes-Benz Stadium,17,30.300000000000008,316
1362,2026-06-11,Mercedes-Benz Stadium,18,31.03333333333334,316
1363,2026-06-11,Mercedes-Benz Stadium,19,31.3,316
1364,2026-06-11,Mercedes-Benz Stadium,20,30.55333333333333,316
1365,2026-06-11,Mercedes-Benz Stadium,21,29.84666666666666,316
1366,2026-06-11,Mercedes-Benz Stadium,22,28.93333333333333,316
1367,2026-06-11,Mercedes-Benz Stadium,23,28.5,316
1368,2026-06-11,Mercedes-Benz Stadium,0,27.493333333333336,316
1369,2026-06-12,Mercedes-Benz Stadium,16,30.56,316
1370,2026-06-12,Mercedes-Benz Stadium,17,31.113333333333333,316
1371,2026-06-12,Mercedes-Benz Stadium,18,31.233333333333334,316
1372,2026-06-12,Mercedes-Benz Stadium,19,31.233333333333334,316
1373,2026-06-12,Mercedes-Benz Stadium,20,31.473333333333333,316
1374,2026-06-12,Mercedes-Benz Stadium,21,31.393333333333334,316
1375,2026-06-12,Mercedes-Benz Stadium,22,30.92,316
1376,2026-06-12,Mercedes-Benz Stadium,23,30.00666666666667,316
1377,2026-06-12,Mercedes-Benz Stadium,0,28.9,316
1378,2026-06-13,Mercedes-Benz Stadium,16,29.79333333333333,316
1379,2026-06-13,Mercedes-Benz Stadium,17,31.27333333333333,316
1380,2026-06-13,Mercedes-Benz Stadium,18,31.979999999999997,316
1381,2026-06-13,Mercedes-Benz Stadium,19,32.306666666666665,316
1382,2026-06-13,Mercedes-Benz Stadium,20,31.993333333333332,316
1383,2026-06-13,Mercedes-Benz Stadium,21,31.71333333333333,316
1384,2026-06-13,Mercedes-Benz Stadium,22,31.006666666666668,316
1385,2026-06-13,Mercedes-Benz Stadium,23,30.26666666666667,316
1386,2026-06-13,Mercedes-Benz Stadium,0,28.9,316
1387,2026-06-14,Mercedes-Benz Stadium,16,31.45333333333333,316
1388,2026-06-14,Mercedes-Benz Stadium,17,32.39333333333333,316
1389,2026-06-14,Mercedes-Benz Stadium,18,32.51333333333333,316
1390,2026-06-14,Mercedes-Benz Stadium,19,32.16,316
1391,2026-06-14,Mercedes-Benz Stadium,20,31.319999999999997,316
1392,2026-06-14,Mercedes-Benz Stadium,21,30.92666666666667,316
1393,2026-06-14,Mercedes-Benz Stadium,22,30.833333333333332,316
1394,2026-06-14,Mercedes-Benz Stadium,23,30.593333333333337,316
1395,2026-06-14,Mercedes-Benz Stadium,0,29.693333333333328,316
1396,2026-06-15,Mercedes-Benz Stadium,16,32.77333333333334,316
1397,2026-06-15,Mercedes-Benz Stadium,17,34.220000000000006,316
1398,2026-06-15,Mercedes-Benz Stadium,18,34.79333333333334,316
1399,2026-06-15,Mercedes-Benz Stadium,19,34.5,316
1400,2026-06-15,Mercedes-Benz Stadium,20,33.4,316
1401,2026-06-15,Mercedes-Benz Stadium,21,31.493333333333332,316
1402,2026-06-15,Mercedes-Benz Stadium,22,30.106666666666673,316
1403,2026-06-15,Mercedes-Benz Stadium,23,29.16,316
1404,2026-06-15,Mercedes-Benz Stadium,0,28.853333333333335,316
1405,2026-06-16,Mercedes-Benz Stadium,16,32.266666666666666,316
1406,2026-06-16,Mercedes-Benz Stadium,17,33.35333333333333,316
1407,2026-06-16,Mercedes-Benz Stadium,18,33.766666666666666,316
1408,2026-06-16,Mercedes-Benz Stadium,19,33.85333333333333,316
1409,2026-06-16,Mercedes-Benz Stadium,20,33.64666666666667,316
1410,2026-06-16,Mercedes-Benz Stadium,21,33.18,316
1411,2026-06-16,Mercedes-Benz Stadium,22,32.260000000000005,316
1412,2026-06-16,Mercedes-Benz Stadium,23,30.859999999999996,316
1413,2026-06-16,Mercedes-Benz Stadium,0,29.519999999999996,316
1414,2026-06-17,Mercedes-Benz Stadium,16,32.406666666666666,316
1415,2026-06-17,Mercedes-Benz Stadium,17,33.54,316
1416,2026-06-17,Mercedes-Benz Stadium,18,34.040000000000006,316
1417,2026-06-17,Mercedes-Benz Stadium,19,33.933333333333344,316
1418,2026-06-17,Mercedes-Benz Stadium,20,33.540000000000006,316
1419,2026-06-17,Mercedes-Benz Stadium,21,32.76666666666667,316
1420,2026-06-17,Mercedes-Benz Stadium,22,31.959999999999997,316
1421,2026-06-17,Mercedes-Benz Stadium,23,30.980000000000004,316
1422,2026-06-17,Mercedes-Benz Stadium,0,29.553333333333335,316
1423,2026-06-18,Mercedes-Benz Stadium,16,31.093333333333337,316
1424,2026-06-18,Mercedes-Benz Stadium,17,32.019999999999996,316
1425,2026-06-18,Mercedes-Benz Stadium,18,32.406666666666666,316
1426,2026-06-18,Mercedes-Benz Stadium,19,32.473333333333336,316
1427,2026-06-18,Mercedes-Benz Stadium,20,31.78666666666667,316
1428,2026-06-18,Mercedes-Benz Stadium,21,31.08,316
1429,2026-06-18,Mercedes-Benz Stadium,22,30.313333333333333,316
1430,2026-06-18,Mercedes-Benz Stadium,23,29.733333333333334,316
1431,2026-06-18,Mercedes-Benz Stadium,0,28.553333333333335,316
1432,2026-06-19,Mercedes-Benz Stadium,16,25.959999999999997,316
1433,2026-06-19,Mercedes-Benz Stadium,17,27.233333333333334,316
1434,2026-06-19,Mercedes-Benz Stadium,18,28.493333333333336,316
1435,2026-06-19,Mercedes-Benz Stadium,19,28.973333333333336,316
1436,2026-06-19,Mercedes-Benz Stadium,20,28.86,316
1437,2026-06-19,Mercedes-Benz Stadium,21,28.373333333333335,316
1438,2026-06-19,Mercedes-Benz Stadium,22,27.913333333333338,316
1439,2026-06-19,Mercedes-Benz Stadium,23,27.22666666666667,316
1440,2026-06-19,Mercedes-Benz Stadium,0,25.993333333333332,316
1441,2026-06-20,Mercedes-Benz Stadium,16,29.7,316
1442,2026-06-20,Mercedes-Benz Stadium,17,30.74000000000001,316
1443,2026-06-20,Mercedes-Benz Stadium,18,31.040000000000006,316
1444,2026-06-20,Mercedes-Benz Stadium,19,31.066666666666674,316
1445,2026-06-20,Mercedes-Benz Stadium,20,30.90000000000001,316
1446,2026-06-20,Mercedes-Benz Stadium,21,30.56,316
1447,2026-06-20,Mercedes-Benz Stadium,22,30.07333333333333,316
1448,2026-06-20,Mercedes-Benz Stadium,23,29.686666666666664,316
1449,2026-06-20,Mercedes-Benz Stadium,0,28.773333333333333,316
1450,2026-06-21,Mercedes-Benz Stadium,16,30.00666666666667,316
1451,2026-06-21,Mercedes-Benz Stadium,17,30.913333333333345,316
1452,2026-06-21,Mercedes-Benz Stadium,18,31.820000000000004,316
1453,2026-06-21,Mercedes-Benz Stadium,19,32.07333333333333,316
1454,2026-06-21,Mercedes-Benz Stadium,20,31.806666666666665,316
1455,2026-06-21,Mercedes-Benz Stadium,21,31.219999999999995,316
1456,2026-06-21,Mercedes-Benz Stadium,22,30.55333333333333,316
1457,2026-06-21,Mercedes-Benz Stadium,23,29.833333333333332,316
1458,2026-06-21,Mercedes-Benz Stadium,0,28.493333333333336,316
1459,2026-06-22,Mercedes-Benz Stadium,16,30.82,316
1460,2026-06-22,Mercedes-Benz Stadium,17,32.14666666666667,316
1461,2026-06-22,Mercedes-Benz Stadium,18,32.980000000000004,316
1462,2026-06-22,Mercedes-Benz Stadium,19,33.28,316
1463,2026-06-22,Mercedes-Benz Stadium,20,32.96,316
1464,2026-06-22,Mercedes-Benz Stadium,21,32.10666666666667,316
1465,2026-06-22,Mercedes-Benz Stadium,22,31.35333333333334,316
1466,2026-06-22,Mercedes-Benz Stadium,23,30.44,316
1467,2026-06-22,Mercedes-Benz Stadium,0,29.386666666666663,316
1468,2026-06-23,Mercedes-Benz Stadium,16,32.64,316
1469,2026-06-23,Mercedes-Benz Stadium,17,33.67333333333333,316
1470,2026-06-23,Mercedes-Benz Stadium,18,33.99333333333333,316
1471,2026-06-23,Mercedes-Benz Stadium,19,34.08,316
1472,2026-06-23,Mercedes-Benz Stadium,20,33.85333333333333,316
1473,2026-06-23,Mercedes-Benz Stadium,21,33.266666666666666,316
1474,2026-06-23,Mercedes-Benz Stadium,22,32.38666666666666,316
1475,2026-06-23,Mercedes-Benz Stadium,23,31.566666666666663,316
1476,2026-06-23,Mercedes-Benz Stadium,0,30.44,316
1477,2026-06-24,Mercedes-Benz Stadium,16,31.406666666666663,316
1478,2026-06-24,Mercedes-Benz Stadium,17,32.64,316
1479,2026-06-24,Mercedes-Benz Stadium,18,33.32,316
1480,2026-06-24,Mercedes-Benz Stadium,19,33.593333333333334,316
1481,2026-06-24,Mercedes-Benz Stadium,20,33.346666666666664,316
1482,2026-06-24,Mercedes-Benz Stadium,21,32.946666666666665,316
1483,2026-06-24,Mercedes-Benz Stadium,22,32.20666666666666,316
1484,2026-06-24,Mercedes-Benz Stadium,23,31.06666666666667,316
1485,2026-06-24,Mercedes-Benz Stadium,0,29.893333333333334,316
1486,2026-06-25,Mercedes-Benz Stadium,16,32.22666666666667,316
1487,2026-06-25,Mercedes-Benz Stadium,17,33.79333333333333,316
1488,2026-06-25,Mercedes-Benz Stadium,18,35.026666666666664,316
1489,2026-06-25,Mercedes-Benz Stadium,19,35.04666666666667,316
1490,2026-06-25,Mercedes-Benz Stadium,20,33.96,316
1491,2026-06-25,Mercedes-Benz Stadium,21,32.85333333333334,316
1492,2026-06-25,Mercedes-Benz Stadium,22,32.406666666666666,316
1493,2026-06-25,Mercedes-Benz Stadium,23,31.80666666666667,316
1494,2026-06-25,Mercedes-Benz Stadium,0,30.58,316
1495,2026-06-26,Mercedes-Benz Stadium,16,32.07333333333334,316
1496,2026-06-26,Mercedes-Benz Stadium,17,33.39333333333334,316
1497,2026-06-26,Mercedes-Benz Stadium,18,34.513333333333335,316
1498,2026-06-26,Mercedes-Benz Stadium,19,35.086666666666666,316
1499,2026-06-26,Mercedes-Benz Stadium,20,34.63333333333333,316
1500,2026-06-26,Mercedes-Benz Stadium,21,33.413333333333334,316
1501,2026-06-26,Mercedes-Benz Stadium,22,32.02666666666667,316
1502,2026-06-26,Mercedes-Benz Stadium,23,31.266666666666666,316
1503,2026-06-26,Mercedes-Benz Stadium,0,30.113333333333333,316
1504,2026-06-27,Mercedes-Benz Stadium,16,31.393333333333334,316
1505,2026-06-27,Mercedes-Benz Stadium,17,32.37333333333334,316
1506,2026-06-27,Mercedes-Benz Stadium,18,33.333333333333336,316
1507,2026-06-27,Mercedes-Benz Stadium,19,34.026666666666664,316
1508,2026-06-27,Mercedes-Benz Stadium,20,33.13333333333333,316
1509,2026-06-27,Mercedes-Benz Stadium,21,31.78,316
1510,2026-06-27,Mercedes-Benz Stadium,22,30.399999999999995,316
1511,2026-06-27,Mercedes-Benz Stadium,23,29.9,316
1512,2026-06-27,Mercedes-Benz Stadium,0,29.146666666666665,316
1513,2026-06-11,Hard Rock Stadium,22,32.38666666666667,5
1514,2026-06-11,Hard Rock Stadium,23,31.986666666666668,5
1515,2026-06-11,Hard Rock Stadium,0,31.44666666666667,5
1516,2026-06-12,Hard Rock Stadium,22,31.8,5
1517,2026-06-12,Hard Rock Stadium,23,30.98,5
1518,2026-06-12,Hard Rock Stadium,0,30.126666666666665,5
1519,2026-06-13,Hard Rock Stadium,22,33.28666666666666,5
1520,2026-06-13,Hard Rock Stadium,23,32.94,5
1521,2026-06-13,Hard Rock Stadium,0,32.58,5
1522,2026-06-14,Hard Rock Stadium,22,32.34666666666667,5
1523,2026-06-14,Hard Rock Stadium,23,32.16666666666667,5
1524,2026-06-14,Hard Rock Stadium,0,31.546666666666663,5
1525,2026-06-15,Hard Rock Stadium,22,32.66,5
1526,2026-06-15,Hard Rock Stadium,23,32.2,5
1527,2026-06-15,Hard Rock Stadium,0,31.653333333333332,5
1528,2026-06-16,Hard Rock Stadium,22,32.41333333333333,5
1529,2026-06-16,Hard Rock Stadium,23,31.68,5
1530,2026-06-16,Hard Rock Stadium,0,30.913333333333338,5
1531,2026-06-17,Hard Rock Stadium,22,32.11333333333333,5
1532,2026-06-17,Hard Rock Stadium,23,31.346666666666668,5
1533,2026-06-17,Hard Rock Stadium,0,30.853333333333335,5
1534,2026-06-18,Hard Rock Stadium,22,32.30666666666667,5
1535,2026-06-18,Hard Rock Stadium,23,31.52,5
1536,2026-06-18,Hard Rock Stadium,0,31.246666666666663,5
1537,2026-06-19,Hard Rock Stadium,22,32.173333333333325,5
1538,2026-06-19,Hard Rock Stadium,23,31.57333333333333,5
1539,2026-06-19,Hard Rock Stadium,0,31.09333333333333,5
1540,2026-06-20,Hard Rock Stadium,22,32.726666666666674,5
1541,2026-06-20,Hard Rock Stadium,23,31.840000000000007,5
1542,2026-06-20,Hard Rock Stadium,0,31.00666666666667,5
1543,2026-06-21,Hard Rock Stadium,22,32.459999999999994,5
1544,2026-06-21,Hard Rock Stadium,23,32.14666666666666,5
1545,2026-06-21,Hard Rock Stadium,0,31.699999999999992,5
1546,2026-06-22,Hard Rock Stadium,22,31.36,5
1547,2026-06-22,Hard Rock Stadium,23,31.0,5
1548,2026-06-22,Hard Rock Stadium,0,30.886666666666667,5
1549,2026-06-23,Hard Rock Stadium,22,32.9,5
1550,2026-06-23,Hard Rock Stadium,23,31.726666666666663,5
1551,2026-06-23,Hard Rock Stadium,0,30.719999999999995,5
1552,2026-06-24,Hard Rock Stadium,22,31.773333333333333,5
1553,2026-06-24,Hard Rock Stadium,23,31.160000000000004,5
1554,2026-06-24,Hard Rock Stadium,0,30.44666666666667,5
1555,2026-06-25,Hard Rock Stadium,22,31.17333333333334,5
1556,2026-06-25,Hard Rock Stadium,23,31.033333333333346,5
1557,2026-06-25,Hard Rock Stadium,0,30.880000000000003,5
1558,2026-06-26,Hard Rock Stadium,22,31.873333333333335,5
1559,2026-06-26,Hard Rock Stadium,23,31.64666666666667,5
1560,2026-06-26,Hard Rock Stadium,0,31.3,5
1561,2026-06-27,Hard Rock Stadium,22,32.62666666666667,5
1562,2026-06-27,Hard Rock Stadium,23,31.81333333333333,5
1563,2026-06-27,Hard Rock Stadium,0,30.726666666666667,5
1564,2026-06-11,Levi's Stadium,19,24.05333333333333,3
1565,2026-06-11,Levi's Stadium,20,25.28666666666667,3
1566,2026-06-11,Levi's Stadium,21,25.680000000000003,3
1567,2026-06-11,Levi's Stadium,22,25.24,3
1568,2026-06-11,Levi's Stadium,23,24.213333333333335,3
1569,2026-06-11,Levi's Stadium,0,22.946666666666665,3
1570,2026-06-11,Levi's Stadium,1,21.6,3
1571,2026-06-11,Levi's Stadium,2,20.153333333333332,3
1572,2026-06-11,Levi's Stadium,3,18.706666666666663,3
1573,2026-06-11,Levi's Stadium,4,17.453333333333333,3
1574,2026-06-12,Levi's Stadium,19,24.686666666666667,3
1575,2026-06-12,Levi's Stadium,20,26.033333333333335,3
1576,2026-06-12,Levi's Stadium,21,26.56,3
1577,2026-06-12,Levi's Stadium,22,26.293333333333337,3
1578,2026-06-12,Levi's Stadium,23,24.813333333333333,3
1579,2026-06-12,Levi's Stadium,0,22.84,3
1580,2026-06-12,Levi's Stadium,1,20.85333333333334,3
1581,2026-06-12,Levi's Stadium,2,19.233333333333334,3
1582,2026-06-12,Levi's Stadium,3,17.88,3
1583,2026-06-12,Levi's Stadium,4,16.70666666666667,3
1584,2026-06-13,Levi's Stadium,19,22.76,3
1585,2026-06-13,Levi's Stadium,20,24.053333333333335,3
1586,2026-06-13,Levi's Stadium,21,24.306666666666665,3
1587,2026-06-13,Levi's Stadium,22,23.646666666666665,3
1588,2026-06-13,Levi's Stadium,23,22.359999999999996,3
1589,2026-06-13,Levi's Stadium,0,20.64,3
1590,2026-06-13,Levi's Stadium,1,19.046666666666667,3
1591,2026-06-13,Levi's Stadium,2,17.56,3
1592,2026-06-13,Levi's Stadium,3,16.513333333333332,3
1593,2026-06-13,Levi's Stadium,4,15.7,3
1594,2026-06-14,Levi's Stadium,19,23.026666666666664,3
1595,2026-06-14,Levi's Stadium,20,24.113333333333333,3
1596,2026-06-14,Levi's Stadium,21,24.373333333333335,3
1597,2026-06-14,Levi's Stadium,22,23.76,3
1598,2026-06-14,Levi's Stadium,23,22.613333333333333,3
1599,2026-06-14,Levi's Stadium,0,21.079999999999995,3
1600,2026-06-14,Levi's Stadium,1,19.62666666666666,3
1601,2026-06-14,Levi's Stadium,2,18.19333333333333,3
1602,2026-06-14,Levi's Stadium,3,17.02,3
1603,2026-06-14,Levi's Stadium,4,16.14,3
1604,2026-06-15,Levi's Stadium,19,23.23333333333333,3
1605,2026-06-15,Levi's Stadium,20,24.3,3
1606,2026-06-15,Levi's Stadium,21,24.446666666666665,3
1607,2026-06-15,Levi's Stadium,22,23.993333333333336,3
1608,2026-06-15,Levi's Stadium,23,22.699999999999996,3
1609,2026-06-15,Levi's Stadium,0,21.133333333333333,3
1610,2026-06-15,Levi's Stadium,1,19.34666666666667,3
1611,2026-06-15,Levi's Stadium,2,17.826666666666668,3
1612,2026-06-15,Levi's Stadium,3,16.366666666666667,3
1613,2026-06-15,Levi's Stadium,4,15.326666666666666,3
1614,2026-06-16,Levi's Stadium,19,23.30666666666666,3
1615,2026-06-16,Levi's Stadium,20,24.233333333333334,3
1616,2026-06-16,Levi's Stadium,21,24.34,3
1617,2026-06-16,Levi's Stadium,22,23.65333333333334,3
1618,2026-06-16,Levi's Stadium,23,22.366666666666664,3
1619,2026-06-16,Levi's Stadium,0,20.8,3
1620,2026-06-16,Levi's Stadium,1,19.3,3
1621,2026-06-16,Levi's Stadium,2,17.926666666666666,3
1622,2026-06-16,Levi's Stadium,3,16.76,3
1623,2026-06-16,Levi's Stadium,4,15.86,3
1624,2026-06-17,Levi's Stadium,19,23.96666666666666,3
1625,2026-06-17,Levi's Stadium,20,25.026666666666664,3
1626,2026-06-17,Levi's Stadium,21,25.2,3
1627,2026-06-17,Levi's Stadium,22,24.893333333333334,3
1628,2026-06-17,Levi's Stadium,23,23.8,3
1629,2026-06-17,Levi's Stadium,0,22.726666666666663,3
1630,2026-06-17,Levi's Stadium,1,21.506666666666664,3
1631,2026-06-17,Levi's Stadium,2,20.506666666666668,3
1632,2026-06-17,Levi's Stadium,3,19.32,3
1633,2026-06-17,Levi's Stadium,4,18.20666666666667,3
1634,2026-06-18,Levi's Stadium,19,25.146666666666665,3
1635,2026-06-18,Levi's Stadium,20,26.359999999999996,3
1636,2026-06-18,Levi's Stadium,21,26.453333333333333,3
1637,2026-06-18,Levi's Stadium,22,25.553333333333335,3
1638,2026-06-18,Levi's Stadium,23,24.146666666666665,3
1639,2026-06-18,Levi's Stadium,0,22.660000000000004,3
1640,2026-06-18,Levi's Stadium,1,21.186666666666667,3
1641,2026-06-18,Levi's Stadium,2,19.62666666666667,3
1642,2026-06-18,Levi's Stadium,3,18.06,3
1643,2026-06-18,Levi's Stadium,4,16.886666666666663,3
1644,2026-06-19,Levi's Stadium,19,22.839999999999996,3
1645,2026-06-19,Levi's Stadium,20,23.586666666666662,3
1646,2026-06-19,Levi's Stadium,21,23.546666666666663,3
1647,2026-06-19,Levi's Stadium,22,22.8,3
1648,2026-06-19,Levi's Stadium,23,21.586666666666662,3
1649,2026-06-19,Levi's Stadium,0,20.006666666666668,3
1650,2026-06-19,Levi's Stadium,1,18.42666666666667,3
1651,2026-06-19,Levi's Stadium,2,17.02,3
1652,2026-06-19,Levi's Stadium,3,15.826666666666666,3
1653,2026-06-19,Levi's Stadium,4,14.900000000000002,3
1654,2026-06-20,Levi's Stadium,19,22.173333333333336,3
1655,2026-06-20,Levi's Stadium,20,23.160000000000004,3
1656,2026-06-20,Levi's Stadium,21,23.24,3
1657,2026-06-20,Levi's Stadium,22,22.61333333333333,3
1658,2026-06-20,Levi's Stadium,23,21.62666666666667,3
1659,2026-06-20,Levi's Stadium,0,20.2,3
1660,2026-06-20,Levi's Stadium,1,18.76,3
1661,2026-06-20,Levi's Stadium,2,17.279999999999998,3
1662,2026-06-20,Levi's Stadium,3,16.133333333333336,3
1663,2026-06-20,Levi's Stadium,4,15.286666666666669,3
1664,2026-06-21,Levi's Stadium,19,24.62666666666666,3
1665,2026-06-21,Levi's Stadium,20,26.24,3
1666,2026-06-21,Levi's Stadium,21,26.933333333333337,3
1667,2026-06-21,Levi's Stadium,22,26.6,3
1668,2026-06-21,Levi's Stadium,23,25.306666666666665,3
1669,2026-06-21,Levi's Stadium,0,23.506666666666664,3
1670,2026-06-21,Levi's Stadium,1,21.55333333333333,3
1671,2026-06-21,Levi's Stadium,2,19.906666666666663,3
1672,2026-06-21,Levi's Stadium,3,18.619999999999997,3
1673,2026-06-21,Levi's Stadium,4,17.84,3
1674,2026-06-22,Levi's Stadium,19,26.046666666666663,3
1675,2026-06-22,Levi's Stadium,20,27.286666666666665,3
1676,2026-06-22,Levi's Stadium,21,27.719999999999995,3
1677,2026-06-22,Levi's Stadium,22,27.459999999999997,3
1678,2026-06-22,Levi's Stadium,23,25.966666666666672,3
1679,2026-06-22,Levi's Stadium,0,23.986666666666668,3
1680,2026-06-22,Levi's Stadium,1,21.866666666666667,3
1681,2026-06-22,Levi's Stadium,2,20.526666666666664,3
1682,2026-06-22,Levi's Stadium,3,19.413333333333338,3
1683,2026-06-22,Levi's Stadium,4,18.633333333333333,3
1684,2026-06-23,Levi's Stadium,19,25.586666666666662,3
1685,2026-06-23,Levi's Stadium,20,26.813333333333333,3
1686,2026-06-23,Levi's Stadium,21,26.94666666666667,3
1687,2026-06-23,Levi's Stadium,22,25.866666666666667,3
1688,2026-06-23,Levi's Stadium,23,24.226666666666667,3
1689,2026-06-23,Levi's Stadium,0,22.40666666666667,3
1690,2026-06-23,Levi's Stadium,1,20.84,3
1691,2026-06-23,Levi's Stadium,2,19.299999999999997,3
1692,2026-06-23,Levi's Stadium,3,17.89333333333333,3
1693,2026-06-23,Levi's Stadium,4,16.76,3
1694,2026-06-24,Levi's Stadium,19,23.86666666666667,3
1695,2026-06-24,Levi's Stadium,20,24.833333333333332,3
1696,2026-06-24,Levi's Stadium,21,24.833333333333336,3
1697,2026-06-24,Levi's Stadium,22,24.166666666666668,3
1698,2026-06-24,Levi's Stadium,23,22.90666666666667,3
1699,2026-06-24,Levi's Stadium,0,21.360000000000003,3
1700,2026-06-24,Levi's Stadium,1,19.793333333333337,3
1701,2026-06-24,Levi's Stadium,2,18.420000000000005,3
1702,2026-06-24,Levi's Stadium,3,17.09333333333333,3
1703,2026-06-24,Levi's Stadium,4,15.873333333333331,3
1704,2026-06-25,Levi's Stadium,19,23.08,3
1705,2026-06-25,Levi's Stadium,20,24.486666666666668,3
1706,2026-06-25,Levi's Stadium,21,25.066666666666663,3
1707,2026-06-25,Levi's Stadium,22,24.76666666666666,3
1708,2026-06-25,Levi's Stadium,23,23.66,3
1709,2026-06-25,Levi's Stadium,0,22.046666666666667,3
1710,2026-06-25,Levi's Stadium,1,20.18666666666667,3
1711,2026-06-25,Levi's Stadium,2,18.360000000000003,3
1712,2026-06-25,Levi's Stadium,3,16.82,3
1713,2026-06-25,Levi's Stadium,4,15.72,3
1714,2026-06-26,Levi's Stadium,19,22.206666666666667,3
1715,2026-06-26,Levi's Stadium,20,23.553333333333335,3
1716,2026-06-26,Levi's Stadium,21,24.06,3
1717,2026-06-26,Levi's Stadium,22,23.76,3
1718,2026-06-26,Levi's Stadium,23,22.926666666666662,3
1719,2026-06-26,Levi's Stadium,0,21.68,3
1720,2026-06-26,Levi's Stadium,1,20.266666666666666,3
1721,2026-06-26,Levi's Stadium,2,18.62,3
1722,2026-06-26,Levi's Stadium,3,17.12,3
1723,2026-06-26,Levi's Stadium,4,15.919999999999998,3
1724,2026-06-27,Levi's Stadium,19,23.193333333333335,3
1725,2026-06-27,Levi's Stadium,20,24.78666666666667,3
1726,2026-06-27,Levi's Stadium,21,25.353333333333335,3
1727,2026-06-27,Levi's Stadium,22,24.926666666666662,3
1728,2026-06-27,Levi's Stadium,23,23.7,3
1729,2026-06-27,Levi's Stadium,0,22.14,3
1730,2026-06-27,Levi's Stadium,1,20.513333333333335,3
1731,2026-06-27,Levi's Stadium,2,18.933333333333337,3
1732,2026-06-27,Levi's Stadium,3,17.433333333333334,3
1733,2026-06-27,Levi's Stadium,4,16.2,3
1734,2026-06-11,SoFi Stadium,19,24.23333333333333,38
1735,2026-06-11,SoFi Stadium,20,24.019999999999996,38
1736,2026-06-11,SoFi Stadium,21,23.37333333333333,38
1737,2026-06-11,SoFi Stadium,22,22.613333333333333,38
1738,2026-06-11,SoFi Stadium,23,21.68,38
1739,2026-06-11,SoFi Stadium,0,20.526666666666664,38
1740,2026-06-11,SoFi Stadium,1,19.38,38
1741,2026-06-11,SoFi Stadium,2,18.413333333333338,38
1742,2026-06-12,SoFi Stadium,19,24.95333333333333,38
1743,2026-06-12,SoFi Stadium,20,25.299999999999997,38
1744,2026-06-12,SoFi Stadium,21,24.74,38
1745,2026-06-12,SoFi Stadium,22,23.653333333333332,38
1746,2026-06-12,SoFi Stadium,23,22.346666666666668,38
1747,2026-06-12,SoFi Stadium,0,20.933333333333337,38
1748,2026-06-12,SoFi Stadium,1,19.6,38
1749,2026-06-12,SoFi Stadium,2,18.5,38
1750,2026-06-13,SoFi Stadium,19,25.146666666666665,38
1751,2026-06-13,SoFi Stadium,20,25.24,38
1752,2026-06-13,SoFi Stadium,21,24.493333333333332,38
1753,2026-06-13,SoFi Stadium,22,23.39333333333333,38
1754,2026-06-13,SoFi Stadium,23,22.30666666666667,38
1755,2026-06-13,SoFi Stadium,0,21.09333333333333,38
1756,2026-06-13,SoFi Stadium,1,19.839999999999996,38
1757,2026-06-13,SoFi Stadium,2,18.806666666666665,38
1758,2026-06-14,SoFi Stadium,19,26.380000000000003,38
1759,2026-06-14,SoFi Stadium,20,26.346666666666668,38
1760,2026-06-14,SoFi Stadium,21,25.480000000000004,38
1761,2026-06-14,SoFi Stadium,22,24.513333333333332,38
1762,2026-06-14,SoFi Stadium,23,23.540000000000003,38
1763,2026-06-14,SoFi Stadium,0,22.459999999999997,38
1764,2026-06-14,SoFi Stadium,1,21.333333333333332,38
1765,2026-06-14,SoFi Stadium,2,20.353333333333335,38
1766,2026-06-15,SoFi Stadium,19,27.486666666666665,38
1767,2026-06-15,SoFi Stadium,20,27.473333333333336,38
1768,2026-06-15,SoFi Stadium,21,26.94666666666667,38
1769,2026-06-15,SoFi Stadium,22,25.906666666666673,38
1770,2026-06-15,SoFi Stadium,23,24.7,38
1771,2026-06-15,SoFi Stadium,0,23.44,38
1772,2026-06-15,SoFi Stadium,1,22.493333333333336,38
1773,2026-06-15,SoFi Stadium,2,21.7,38
1774,2026-06-16,SoFi Stadium,19,28.36,38
1775,2026-06-16,SoFi Stadium,20,28.56666666666667,38
1776,2026-06-16,SoFi Stadium,21,27.886666666666667,38
1777,2026-06-16,SoFi Stadium,22,26.86,38
1778,2026-06-16,SoFi Stadium,23,25.513333333333332,38
1779,2026-06-16,SoFi Stadium,0,24.113333333333337,38
1780,2026-06-16,SoFi Stadium,1,22.66,38
1781,2026-06-16,SoFi Stadium,2,21.493333333333332,38
1782,2026-06-17,SoFi Stadium,19,27.3,38
1783,2026-06-17,SoFi Stadium,20,27.546666666666667,38
1784,2026-06-17,SoFi Stadium,21,26.880000000000003,38
1785,2026-06-17,SoFi Stadium,22,26.040000000000003,38
1786,2026-06-17,SoFi Stadium,23,24.766666666666666,38
1787,2026-06-17,SoFi Stadium,0,23.319999999999997,38
1788,2026-06-17,SoFi Stadium,1,21.94,38
1789,2026-06-17,SoFi Stadium,2,21.033333333333335,38
1790,2026-06-18,SoFi Stadium,19,26.466666666666665,38
1791,2026-06-18,SoFi Stadium,20,26.839999999999996,38
1792,2026-06-18,SoFi Stadium,21,25.933333333333337,38
1793,2026-06-18,SoFi Stadium,22,24.65333333333333,38
1794,2026-06-18,SoFi Stadium,23,23.113333333333333,38
1795,2026-06-18,SoFi Stadium,0,21.920000000000005,38
1796,2026-06-18,SoFi Stadium,1,20.853333333333335,38
1797,2026-06-18,SoFi Stadium,2,20.033333333333335,38
1798,2026-06-19,SoFi Stadium,19,25.09333333333333,38
1799,2026-06-19,SoFi Stadium,20,25.0,38
1800,2026-06-19,SoFi Stadium,21,24.466666666666672,38
1801,2026-06-19,SoFi Stadium,22,23.613333333333333,38
1802,2026-06-19,SoFi Stadium,23,22.446666666666665,38
1803,2026-06-19,SoFi Stadium,0,21.126666666666665,38
1804,2026-06-19,SoFi Stadium,1,19.880000000000003,38
1805,2026-06-19,SoFi Stadium,2,19.040000000000003,38
1806,2026-06-20,SoFi Stadium,19,26.526666666666667,38
1807,2026-06-20,SoFi Stadium,20,26.32666666666666,38
1808,2026-06-20,SoFi Stadium,21,25.546666666666663,38
1809,2026-06-20,SoFi Stadium,22,24.646666666666665,38
1810,2026-06-20,SoFi Stadium,23,23.50666666666666,38
1811,2026-06-20,SoFi Stadium,0,22.18,38
1812,2026-06-20,SoFi Stadium,1,20.893333333333327,38
1813,2026-06-20,SoFi Stadium,2,19.866666666666667,38
1814,2026-06-21,SoFi Stadium,19,26.893333333333327,38
1815,2026-06-21,SoFi Stadium,20,26.92666666666667,38
1816,2026-06-21,SoFi Stadium,21,25.973333333333336,38
1817,2026-06-21,SoFi Stadium,22,24.693333333333335,38
1818,2026-06-21,SoFi Stadium,23,23.206666666666663,38
1819,2026-06-21,SoFi Stadium,0,21.866666666666667,38
1820,2026-06-21,SoFi Stadium,1,20.586666666666662,38
1821,2026-06-21,SoFi Stadium,2,19.506666666666664,38
1822,2026-06-22,SoFi Stadium,19,27.173333333333336,38
1823,2026-06-22,SoFi Stadium,20,27.15333333333334,38
1824,2026-06-22,SoFi Stadium,21,26.020000000000003,38
1825,2026-06-22,SoFi Stadium,22,24.533333333333335,38
1826,2026-06-22,SoFi Stadium,23,23.546666666666667,38
1827,2026-06-22,SoFi Stadium,0,22.77333333333333,38
1828,2026-06-22,SoFi Stadium,1,21.59333333333333,38
1829,2026-06-22,SoFi Stadium,2,20.006666666666668,38
1830,2026-06-23,SoFi Stadium,19,25.80666666666667,38
1831,2026-06-23,SoFi Stadium,20,25.713333333333335,38
1832,2026-06-23,SoFi Stadium,21,24.88,38
1833,2026-06-23,SoFi Stadium,22,23.773333333333333,38
1834,2026-06-23,SoFi Stadium,23,22.466666666666665,38
1835,2026-06-23,SoFi Stadium,0,21.446666666666665,38
1836,2026-06-23,SoFi Stadium,1,20.4,38
1837,2026-06-23,SoFi Stadium,2,19.56,38
1838,2026-06-24,SoFi Stadium,19,25.926666666666662,38
1839,2026-06-24,SoFi Stadium,20,25.726666666666667,38
1840,2026-06-24,SoFi Stadium,21,24.766666666666666,38
1841,2026-06-24,SoFi Stadium,22,23.64,38
1842,2026-06-24,SoFi Stadium,23,22.313333333333336,38
1843,2026-06-24,SoFi Stadium,0,20.986666666666668,38
1844,2026-06-24,SoFi Stadium,1,19.80666666666667,38
1845,2026-06-24,SoFi Stadium,2,19.08,38
1846,2026-06-25,SoFi Stadium,19,25.993333333333332,38
1847,2026-06-25,SoFi Stadium,20,25.74,38
1848,2026-06-25,SoFi Stadium,21,24.99333333333333,38
1849,2026-06-25,SoFi Stadium,22,24.11333333333333,38
1850,2026-06-25,SoFi Stadium,23,23.04,38
1851,2026-06-25,SoFi Stadium,0,21.80666666666667,38
1852,2026-06-25,SoFi Stadium,1,20.586666666666662,38
1853,2026-06-25,SoFi Stadium,2,19.573333333333338,38
1854,2026-06-26,SoFi Stadium,19,27.793333333333333,38
1855,2026-06-26,SoFi Stadium,20,27.766666666666666,38
1856,2026-06-26,SoFi Stadium,21,26.71333333333333,38
1857,2026-06-26,SoFi Stadium,22,25.42,38
1858,2026-06-26,SoFi Stadium,23,23.89333333333333,38
1859,2026-06-26,SoFi Stadium,0,22.546666666666667,38
1860,2026-06-26,SoFi Stadium,1,21.160000000000007,38
1861,2026-06-26,SoFi Stadium,2,20.233333333333334,38
1862,2026-06-27,SoFi Stadium,19,28.84666666666667,38
1863,2026-06-27,SoFi Stadium,20,29.06666666666667,38
1864,2026-06-27,SoFi Stadium,21,28.34,38
1865,2026-06-27,SoFi Stadium,22,27.006666666666664,38
1866,2026-06-27,SoFi Stadium,23,25.473333333333333,38
1867,2026-06-27,SoFi Stadium,0,23.75333333333333,38
1868,2026-06-27,SoFi Stadium,1,22.28,38
1869,2026-06-27,SoFi Stadium,2,20.980000000000004,38
